Matrix,v1Code,V2 Code,Analyte,Analyte Code,Common Method Name,Extraction reagents/formulation,Extraction Ratio,Extraction Basis,Extraction Time,Analyte Measurement Method,Observation Category,Reporting Unit,Acceptance,Status,Citation Organization,Citation,Citation Link,Row Added Date,Row Changed Date,Change Comment,Notes
PLANT,,L_MODV2_PLANT_AL_001,aluminum,AL,"Microwave-Assisted Acid Digestion, Closed Vessel","HNO3, HF",,,,"ICP-OES, AAS",MEASURED,%,OFFICIAL,VALID,US-EPA,"U.S. EPA. 1996. ""Method 3052: Acid Digestion of Sediments, Sludges, and Soils,"" Revision 2. Washington, DC.",https://www.epa.gov/sites/default/files/2015-06/documents/epa-3052.pdf,2026-04-02T12:00:00Z,,,
PLANT,B-AL.02.04,L_MODV2_PLANT_AL_002,aluminum,AL,"Acid Wet Digestion, Open Vessel","HNO3, H2O2",,,,"ICP-OES, AAS",MEASURED,mg/kg,OFFICIAL,VALID,WERA-103,"Soil, Plant and Water Reference Methods for the Western Region, 2013, WERA-103. Method B-4.25. Phosphorus, Potassium, Sulfur, Calcium, Magnesium Sodium, Zinc, Manganese, Copper, Iron and Molybdenum of Botanical Materials",,2026-04-02T12:00:00Z,2026-04-07T12:00:00Z,"UoM corrected from kg/ha to mg/kg per WERA B-4.25 Calculations: Mn, Al, Fe → mg/kg nearest 1",
PLANT,B-AL.13.04,L_MODV2_PLANT_AL_003,aluminum,AL,"Microwave-Assisted Acid Digestion, Closed Vessel","HNO3, H2O2",Varies,m/m,,ICP-OES,MEASURED,%,OFFICIAL,VALID,SPAC,"Kalra, Y. P. (ed.). (1998). Handbook of Reference Methods for Plant Analysis. Ch. 8. Microwave Digestion of Plant Tissue in a Closed Vessel and Ch. 21 Elemental Determination by Inductively Coupled Plasma Atomic Emission Spectroscopy. Taylor & Francis Group.",https://www.google.com/books/edition/Handbook_of_Reference_Methods_for_Plant/wLggXPmhY18C?hl=en&gbpv=0,2026-04-02T12:00:00Z,,,
PLANT,B-AL.13.04,L_MODV2_PLANT_AL_004,aluminum,AL,"Microwave-Assisted Acid Digestion, Closed Vessel","HNO3, H2O2",Varies,m/m,,"ICP-OES, AAS",MEASURED,%,OFFICIAL,VALID,SPAC,"Kalra, Y. P. (ed.). (1998). Handbook of Reference Methods for Plant Analysis. Ch. 8. Microwave Digestion of Plant Tissue in a Closed Vessel and Ch. 20. Elemental Determination by Atomic Absorpotion  Spectophotometry or Ch. 21 Elemental Determination by Inductively Coupled Plasma Atomic Emission Spectroscopy. Taylor & Francis Group .",https://www.google.com/books/edition/Handbook_of_Reference_Methods_for_Plant/wLggXPmhY18C?hl=en&gbpv=0,2026-04-02T12:00:00Z,,,Analyte not listed in Reference
PLANT,B-AL.12.04,L_MODV2_PLANT_AL_005,aluminum,AL,"Microwave-Assisted Acid Digestion, Open Vessel","HNO3, HCl, H2O2",,,,"ICP-OES, AAS",MEASURED,mg/kg,OFFICIAL,VALID,SPAC,"Kalra, Y. P. (ed.). (1998). Handbook of Reference Methods for Plant Analysis. Ch. 7. Microwave Digestion of Plant Tissue in an Open Vessel and Ch. 21 Elemental Determination by Inductively Coupled Plasma Atomic Emission Spectroscopy. Taylor & Francis Group, and Ch. 20. Elemental Determination by Atomic Absorpotion  Spectophotometry. Taylor & Francis Group .",https://www.google.com/books/edition/Handbook_of_Reference_Methods_for_Plant/wLggXPmhY18C?hl=en&gbpv=0,2026-04-02T12:00:00Z,2026-04-07T12:00:00Z,UoM corrected to mg/kg per Kalra 1998 Ch.7 Table 7.1 (ICP-AES results in mg/kg),
PLANT,B-AL.11.04,L_MODV2_PLANT_AL_006,aluminum,AL,"Acid Wet Digestion, Open Vessel","HNO3, HClO4",,,,"ICP-OES, AAS",MEASURED,mg/kg,OFFICIAL,VALID,SPAC,"Kalra, Y. P. (ed.). (1998). Handbook of Reference Methods for Plant Analysis. Ch. 6 Nitric-Perchloric Acid Wet Digestion in an Open Vessel; Ch. 21 Elemental Determination by Inductively Coupled Plasma Atomic Emission Spectroscopy, and Ch. 20. Elemental Determination by Atomic Absorpotion  Spectophotometry. Taylor & Francis Group .",https://www.google.com/books/edition/Handbook_of_Reference_Methods_for_Plant/wLggXPmhY18C?hl=en&gbpv=0,2026-04-02T12:00:00Z,2026-04-07T12:00:00Z,UoM corrected from kg to mg/kg per Kalra 1998 Ch.6 trace element calculation formula,
PLANT,,L_MODV2_PLANT_AL_007,aluminum,AL,Muffle Furnace Dry Ashing,HCl,Direct,m/m,,"ICP-OES, AAS",MEASURED,%,OFFICIAL,VALID,SPAC,"Kalra, Y. P. (ed.). (1998). Handbook of Reference Methods for Plant Analysis. Ch. 5 High-Temperature Oxidation: Dry Ashing, Ch. 21 Elemental Determination by Inductively Coupled Plasma Atomic Emission Spectroscopy,and Ch. 20. Elemental Determination by Atomic Absorpotion  Spectophotometry. Taylor & Francis Group .",https://www.google.com/books/edition/Handbook_of_Reference_Methods_for_Plant/wLggXPmhY18C?hl=en&gbpv=0,2026-04-02T12:00:00Z,,,
PLANT,,L_MODV2_PLANT_AL_008,aluminum,AL,Energy Dispersive X-Ray Fluorescence (ED-XRF),,Varies,m/m,,ED-XRF Instrument,MEASURED,%,OFFICIAL,VALID,,"de Carvalho, G.G. Arantes, M.B. Guerra, A. Adame, C.S. Nomura, P.V. Oliveira, H.W.P. de Carvalho, D. Santos, L.C. Nunes, and F.J. Krug. ""Recent advances in LIBS and XRF for the analysis of plants."" Journal of Analytical Atomic Spectrometry 33, no. 6 (2018): 919-944.",,2026-04-02T12:00:00Z,,,Measured using ED-PXRF
PLANT,,L_MODV2_PLANT_AL_009,aluminum,AL,Laser Induced Breakdown Spectroscopy (LIBS),,,,,LIBS Instrument,MEASURED,%,OFFICIAL,VALID,,"de Carvalho, G.G. Arantes, M.B. Guerra, A. Adame, C.S. Nomura, P.V. Oliveira, H.W.P. de Carvalho, D. Santos, L.C. Nunes, and F.J. Krug. ""Recent advances in LIBS and XRF for the analysis of plants."" Journal of Analytical Atomic Spectrometry 33, no. 6 (2018): 919-944.",,2026-04-02T12:00:00Z,,,
PLANT,B-AL.12.13,L_MODV2_PLANT_AL_010,aluminum,AL,Calculation,Al (CC),,,,,MEASURED,kg/ha,OFFICIAL,RETIRED,,,,2026-04-02T12:00:00Z,,,carry over from v1
PLANT,,L_MODV2_PLANT_NH4N_001,ammonium-nitrogen,NH4N,Acetic Acid,2% acetic acid,,,,Diffusion Conductivity,MEASURED,mg/kg,OFFICIAL,VALID,WERA-103,"Soil, Plant and Water Reference Methods for the Western Region, 2013, WERA-103. Method B-3.10. Extractable Potassium, Nitrate, Ammonium, Ortho-Phosphate, and Chloride of Botanical Materials.",,2026-04-02T12:00:00Z,2026-04-07T12:00:00Z,UoM corrected from kg/ha to mg/kg per WERA B-3.10 Calculations: NH4-N → mg/kg nearest 10,
PLANT,B-NH4.01.08,L_MODV2_PLANT_NH4N_002,ammonium-nitrogen,NH4N,Acetic Acid,2% acetic acid,Varies,m/m,,Spectrophotometric/Berthelot,MEASURED,mg/kg,OFFICIAL,VALID,WERA-103,"Soil, Plant and Water Reference Methods for the Western Region, 2013, WERA-103. Method B-3.10. Extractable Potassium, Nitrate, Ammonium, Ortho-Phosphate, and Chloride of Botanical Materials.",,2026-04-02T12:00:00Z,2026-04-07T12:00:00Z,UoM corrected from % to mg/kg per WERA B-3.10 Calculations: NH4-N → mg/kg nearest 10,
PLANT,B-NH4.08,L_MODV2_PLANT_NH4N_003,ammonium-nitrogen,NH4N,Acetic Acid,2% acetic acid,,,,Steam Distillation,MEASURED,mg/kg,OFFICIAL,VALID,WERA-103,"Soil, Plant and Water Reference Methods for the Western Region, 2013, WERA-103. Method B-3.10. Extractable Potassium, Nitrate, Ammonium, Ortho-Phosphate, and Chloride of Botanical Materials.",,2026-04-02T12:00:00Z,2026-04-07T12:00:00Z,UoM corrected from % to mg/kg per WERA B-3.10 Calculations: NH4-N → mg/kg nearest 10,
PLANT,B-NH4.09.01,L_MODV2_PLANT_NH4N_004,ammonium-nitrogen,NH4N,Water,Water,Varies,,,Spectrophotometric/Berthelot,MEASURED,%,OFFICIAL,VALID,SPAC,"Kalra, Y. P. (ed.). (1998). Handbook of Reference Methods for Plant Analysis. Ch. 11. Determination of Ammonium-Nitrogen in Plant Tissue Plant Tissue. Taylor & Francis Group.",https://www.google.com/books/edition/Handbook_of_Reference_Methods_for_Plant/wLggXPmhY18C?hl=en&gbpv=0,2026-04-02T12:00:00Z,,,
PLANT,B-AS.10.06,L_MODV2_PLANT_AS_001,arsenic,AS,"Acid Wet Digestion, Open Vessel","HNO3, H2O2",,,,"ICP-OES, AAS",MEASURED,mg/kg,OFFICIAL,VALID,WERA-103,"Soil, Plant and Water Reference Methods for the Western Region, 2013, WERA-103. Method B-4.25. Phosphorus, Potassium, Sulfur, Calcium, Magnesium Sodium, Zinc, Manganese, Copper, Iron and Molybdenum of Botanical Materials",,2026-04-02T12:00:00Z,2026-04-07T12:00:00Z,UoM corrected from kg/ha to mg/kg per WERA B-4.25,Analyte not listed in reference
PLANT,B-AS.11.04,L_MODV2_PLANT_AS_002,arsenic,AS,"Acid Wet Digestion, Open Vessel w/ Hydride Generation","HNO3, HClO4",Varies,m/m,,HG-AAS,MEASURED,%,OFFICIAL,VALID,SPAC,"Kalra, Y. P. (ed.). (1998). Handbook of Reference Methods for Plant Analysis. Ch. 23. Determination of Arsenic and Mercury in Plant Tissue . Taylor & Francis Group .",https://www.google.com/books/edition/Handbook_of_Reference_Methods_for_Plant/wLggXPmhY18C?hl=en&gbpv=0,2026-04-02T12:00:00Z,,,
PLANT,B-AS.10.06,L_MODV2_PLANT_AS_003,arsenic,AS,"Acid Wet Digestion, Open Vessel","HNO3, HClO4",,,,"ICP-OES, AAS",MEASURED,mg/kg,OFFICIAL,VALID,SPAC,"Kalra, Y. P. (ed.). (1998). Handbook of Reference Methods for Plant Analysis. Ch. 23 Determination of Arsenic and Mercury in Plant Tissue; Ch. 21 Elemental Determination by Inductively Coupled Plasma Atomic Emission Spectroscopy, and Ch. 20. Elemental Determination by Atomic Absorpotion  Spectophotometry. Taylor & Francis Group .",https://www.google.com/books/edition/Handbook_of_Reference_Methods_for_Plant/wLggXPmhY18C?hl=en&gbpv=0,2026-04-02T12:00:00Z,2026-04-07T12:00:00Z,UoM corrected to mg/kg per Kalra 1998 Ch.23 (normal range 0.02-7 mg As/kg),
PLANT,B-AS.11.04,L_MODV2_PLANT_AS_004,arsenic,AS,Energy Dispersive X-Ray Fluorescence (ED-XRF),,Direct,m/m,,ED-XRF Instrument,MEASURED,%,OFFICIAL,VALID,,"de Carvalho, G.G. Arantes, M.B. Guerra, A. Adame, C.S. Nomura, P.V. Oliveira, H.W.P. de Carvalho, D. Santos, L.C. Nunes, and F.J. Krug. ""Recent advances in LIBS and XRF for the analysis of plants."" Journal of Analytical Atomic Spectrometry 33, no. 6 (2018): 919-944.",,2026-04-02T12:00:00Z,,,
PLANT,B-BA.10.06,L_MODV2_PLANT_BA_001,barium,BA,"Acid Wet Digestion, Open Vessel","HNO3, H2O2",,,,"ICP-OES, AAS",MEASURED,mg/kg,OFFICIAL,VALID,WERA-103,"Soil, Plant and Water Reference Methods for the Western Region, 2013, WERA-103. Method B-4.25. Phosphorus, Potassium, Sulfur, Calcium, Magnesium Sodium, Zinc, Manganese, Copper, Iron and Molybdenum of Botanical Materials",,2026-04-02T12:00:00Z,2026-04-07T12:00:00Z,UoM corrected to mg/kg per WERA B-4.25 Comment 8: Ba explicit trace metal → mg/kg,
PLANT,B-BA.10.04,L_MODV2_PLANT_BA_002,barium,BA,"Microwave-Assisted Acid Digestion, Closed Vessel","HNO3, H2O2",Varies,m/m,,ICP-OES,MEASURED,%,OFFICIAL,VALID,SPAC,"Kalra, Y. P. (ed.). (1998). Handbook of Reference Methods for Plant Analysis. Ch. 8. Microwave Digestion of Plant Tissue in a Closed Vessel and Ch. 21 Elemental Determination by Inductively Coupled Plasma Atomic Emission Spectroscopy. Taylor & Francis Group.",https://www.google.com/books/edition/Handbook_of_Reference_Methods_for_Plant/wLggXPmhY18C?hl=en&gbpv=0,2026-04-02T12:00:00Z,,,Analyte not listed in Reference
PLANT,,L_MODV2_PLANT_BA_003,barium,BA,Energy Dispersive X-Ray Fluorescence (ED-XRF),,Direct,m/m,,ED-XRF Instrument,MEASURED,%,OFFICIAL,VALID,,"de Carvalho, G.G. Arantes, M.B. Guerra, A. Adame, C.S. Nomura, P.V. Oliveira, H.W.P. de Carvalho, D. Santos, L.C. Nunes, and F.J. Krug. ""Recent advances in LIBS and XRF for the analysis of plants."" Journal of Analytical Atomic Spectrometry 33, no. 6 (2018): 919-944.",,2026-04-02T12:00:00Z,,,
PLANT,B-TDB.04,L_MODV2_PLANT_BIOMASS_DRY_001,"biomass, total dry",BIOMASS_DRY,,,,,,Gravimetric,MEASURED,mg,OFFICIAL,RETIRED,,,,2026-04-02T12:00:00Z,,,
PLANT,B-TWB.03,L_MODV2_PLANT_BIOMASS_WET_001,"biomass, total wet",BIOMASS_WET,,,,,,Gravimetric,MEASURED,mg,OFFICIAL,RETIRED,,,,2026-04-02T12:00:00Z,,,
PLANT,B-B.02.04,L_MODV2_PLANT_B_001,boron,B,"Acid Wet Digestion, Open Vessel","HNO3, H2O2",,,,ICP-OES,MEASURED,mg/kg,OFFICIAL,VALID,WERA-103,"Soil, Plant and Water Reference Methods for the Western Region, 2013, WERA-103. Method B-4.30. Phosphorus, Potassium, Sulfur, Calcium, Magnesium Sodium, Zinc, Manganese, Copper, Iron and Molybdenum of Botanical Materials",,2026-04-02T12:00:00Z,2026-04-07T12:00:00Z,UoM corrected from kg/ha to mg/kg,
PLANT,B-B.10.04,L_MODV2_PLANT_B_002,boron,B,"Microwave-Assisted Acid Digestion, Closed Vessel","HNO3, H2O2",,,,ICP-OES,MEASURED,%,OFFICIAL,VALID,SPAC,"Kalra, Y. P. (ed.). (1998). Handbook of Reference Methods for Plant Analysis. Ch. 8. Microwave Digestion of Plant Tissue in a Closed Vessel and Ch. 21 Elemental Determination by Inductively Coupled Plasma Atomic Emission Spectroscopy. Taylor & Francis Group.",https://www.google.com/books/edition/Handbook_of_Reference_Methods_for_Plant/wLggXPmhY18C?hl=en&gbpv=0,2026-04-02T12:00:00Z,,,
PLANT,B-B.04.04,L_MODV2_PLANT_B_003,boron,B,Muffle Furnace Dry Ashing,HCl,Varies,m/m,,"ICP-OES, AAS",MEASURED,%,OFFICIAL,VALID,SPAC,"Kalra, Y. P. (ed.). (1998). Handbook of Reference Methods for Plant Analysis. Ch. 5 High-Temperature Oxidation: Dry Ashing, Ch. 21 Elemental Determination by Inductively Coupled Plasma Atomic Emission Spectroscopy,and Ch. 20. Elemental Determination by Atomic Absorpotion  Spectophotometry. Taylor & Francis Group .",https://www.google.com/books/edition/Handbook_of_Reference_Methods_for_Plant/wLggXPmhY18C?hl=en&gbpv=0,2026-04-02T12:00:00Z,,,
PLANT,,L_MODV2_PLANT_B_004,boron,B,Laser Induced Breakdown Spectroscopy (LIBS),,,,,LIBS Instrument,MEASURED,%,OFFICIAL,VALID,,"de Carvalho, G.G. Arantes, M.B. Guerra, A. Adame, C.S. Nomura, P.V. Oliveira, H.W.P. de Carvalho, D. Santos, L.C. Nunes, and F.J. Krug. ""Recent advances in LIBS and XRF for the analysis of plants."" Journal of Analytical Atomic Spectrometry 33, no. 6 (2018): 919-944.",,2026-04-02T12:00:00Z,,,
PLANT,,L_MODV2_PLANT_BR_001,bromide,BR,perchloric acid extract,HClO4,Varies,m/m,,ISE,MEASURED,%,OFFICIAL,VALID,,"Villa, Alberto. (1979). Rapid method for determining fluoride in vegetation using an ion-selective electrode. Analyst. 104. 10.1039/an9790400545.",,2026-04-02T12:00:00Z,,,Analyte not listed in reference
PLANT,,L_MODV2_PLANT_BR_002,bromide,BR,"Microwave-Assisted Acid Digestion, Closed Vessel","HNO3, HCl, H2O2",Varies,m/m,,ISE,MEASURED,mg/kg,OFFICIAL,RETIRED,WEPAL,"Šucman, Emanuel & Bednář, Jiří. (2012). Determination of Fluoride in Plant Material using Microwave Induced Oxygen Combustion. Acta Veterinaria Brno. 81. 10.2754/avb201281030319.",,2026-04-02T12:00:00Z,,,
PLANT,,L_MODV2_PLANT_CD_001,cadmium,CD,"Acid Wet Digestion, Open Vessel","HNO3, H2O2",,,,"ICP-OES, AAS",MEASURED,mg/kg,OFFICIAL,VALID,WERA-103,"Soil, Plant and Water Reference Methods for the Western Region, 2013, WERA-103. Method B-4.25. Phosphorus, Potassium, Sulfur, Calcium, Magnesium Sodium, Zinc, Manganese, Copper, Iron and Molybdenum of Botanical Materials",,2026-04-02T12:00:00Z,2026-04-07T12:00:00Z,UoM corrected from kg/ha to mg/kg per WERA B-4.25 Comment 8: Cd explicit trace metal → mg/kg,sample size (0.5g) detection limit (25)
PLANT,B-CD.10.04,L_MODV2_PLANT_CD_002,cadmium,CD,"Microwave-Assisted Acid Digestion, Closed Vessel","HNO3, H2O2",Varies,m/m,,ICP-OES,MEASURED,%,OFFICIAL,VALID,SPAC,"Kalra, Y. P. (ed.). (1998). Handbook of Reference Methods for Plant Analysis. Ch. 8. Microwave Digestion of Plant Tissue in a Closed Vessel and Ch. 21 Elemental Determination by Inductively Coupled Plasma Atomic Emission Spectroscopy. Taylor & Francis Group.",https://www.google.com/books/edition/Handbook_of_Reference_Methods_for_Plant/wLggXPmhY18C?hl=en&gbpv=0,2026-04-02T12:00:00Z,,,Analyte not listed in Reference
PLANT,,L_MODV2_PLANT_CD_003,cadmium,CD,Muffle Furnace Dry Ashing,HNO3,Varies,m/m,,"ICP-OES, AAS",MEASURED,%,OFFICIAL,VALID,SPAC,"Kalra, Y. P. (ed.). (1998). Handbook of Reference Methods for Plant Analysis. Ch. 24 Determination of Cadmium, Chromium, Cobalt, Lead, and Nickel in Plant Tissue. and Ch. 21 Elemental Determination by Inductively Coupled Plasma Atomic Emission Spectroscopy, and Ch. 20. Elemental Determination by Atomic Absorpotion  Spectophotometry.  Taylor & Francis Group.",https://www.google.com/books/edition/Handbook_of_Reference_Methods_for_Plant/wLggXPmhY18C?hl=en&gbpv=0,2026-04-02T12:00:00Z,,,
PLANT,,L_MODV2_PLANT_CD_004,cadmium,CD,Energy Dispersive X-Ray Fluorescence (ED-XRF),,Direct,m/m,,ED-XRF Instrument,MEASURED,%,OFFICIAL,VALID,,"de Carvalho, G.G. Arantes, M.B. Guerra, A. Adame, C.S. Nomura, P.V. Oliveira, H.W.P. de Carvalho, D. Santos, L.C. Nunes, and F.J. Krug. ""Recent advances in LIBS and XRF for the analysis of plants."" Journal of Analytical Atomic Spectrometry 33, no. 6 (2018): 919-944.",,2026-04-02T12:00:00Z,,,
PLANT,B-CA.02.04,L_MODV2_PLANT_CA_001,calcium,CA,"Acid Wet Digestion, Open Vessel","HNO3, H2O2",,,,"ICP-OES, AAS",MEASURED,%,OFFICIAL,VALID,WERA-103,"Soil, Plant and Water Reference Methods for the Western Region, 2013, WERA-103. Method B-4.25. Phosphorus, Potassium, Sulfur, Calcium, Magnesium Sodium, Zinc, Manganese, Copper, Iron and Molybdenum of Botanical Materials",,2026-04-02T12:00:00Z,2026-04-07T12:00:00Z,"UoM corrected from kg/ha to % per WERA B-4.25 Calculations: P,K,S,Ca,Mg,Na → % nearest 0.001%",
PLANT,B-CA.10.04,L_MODV2_PLANT_CA_002,calcium,CA,"Microwave-Assisted Acid Digestion, Closed Vessel","HNO3, H2O2",Direct,m/m,,"ICP-OES, AAS",MEASURED,%,OFFICIAL,VALID,SPAC,"Kalra, Y. P. (ed.). (1998). Handbook of Reference Methods for Plant Analysis. Ch. 8. Microwave Digestion of Plant Tissue in a Closed Vessel and Ch. 20. Elemental Determination by Atomic Absorpotion  Spectophotometry or Ch. 21 Elemental Determination by Inductively Coupled Plasma Atomic Emission Spectroscopy. Taylor & Francis Group .",https://www.google.com/books/edition/Handbook_of_Reference_Methods_for_Plant/wLggXPmhY18C?hl=en&gbpv=0,2026-04-02T12:00:00Z,,,
PLANT,,L_MODV2_PLANT_CA_003,calcium,CA,"Microwave-Assisted Acid Digestion, Open Vessel","HNO3, HCl, H2O2",Varies,m/m,,"ICP-OES, AAS",MEASURED,%,OFFICIAL,VALID,SPAC,"Kalra, Y. P. (ed.). (1998). Handbook of Reference Methods for Plant Analysis. Ch. 7. Microwave Digestion of Plant Tissue in an Open Vessel and Ch. 21 Elemental Determination by Inductively Coupled Plasma Atomic Emission Spectroscopy. Taylor & Francis Group, and Ch. 20. Elemental Determination by Atomic Absorpotion  Spectophotometry. Taylor & Francis Group .",https://www.google.com/books/edition/Handbook_of_Reference_Methods_for_Plant/wLggXPmhY18C?hl=en&gbpv=0,2026-04-02T12:00:00Z,,,
PLANT,B-CA.05.04,L_MODV2_PLANT_CA_004,calcium,CA,"Acid Wet Digestion, Open Vessel","HNO3, HClO4",Varies,m/m,,"ICP-OES, AAS",MEASURED,%,OFFICIAL,VALID,SPAC,"Kalra, Y. P. (ed.). (1998). Handbook of Reference Methods for Plant Analysis. Ch. 6 Nitric-Perchloric Acid Wet Digestion in an Open Vessel; Ch. 21 Elemental Determination by Inductively Coupled Plasma Atomic Emission Spectroscopy, and Ch. 20. Elemental Determination by Atomic Absorpotion  Spectophotometry. Taylor & Francis Group .",https://www.google.com/books/edition/Handbook_of_Reference_Methods_for_Plant/wLggXPmhY18C?hl=en&gbpv=0,2026-04-02T12:00:00Z,,,
PLANT,B-CA.04.04,L_MODV2_PLANT_CA_005,calcium,CA,Muffle Furnace Dry Ashing,HCl,Varies,m/m,,"ICP-OES, AAS",MEASURED,%,OFFICIAL,VALID,SPAC,"Kalra, Y. P. (ed.). (1998). Handbook of Reference Methods for Plant Analysis. Ch. 5 High-Temperature Oxidation: Dry Ashing, Ch. 21 Elemental Determination by Inductively Coupled Plasma Atomic Emission Spectroscopy,and Ch. 20. Elemental Determination by Atomic Absorpotion  Spectophotometry. Taylor & Francis Group .",https://www.google.com/books/edition/Handbook_of_Reference_Methods_for_Plant/wLggXPmhY18C?hl=en&gbpv=0,2026-04-02T12:00:00Z,,,
PLANT,,L_MODV2_PLANT_CA_006,calcium,CA,Energy Dispersive X-Ray Fluorescence (ED-XRF),,Varies,m/m,,ED-XRF Instrument,MEASURED,%,OFFICIAL,VALID,,"de Carvalho, G.G. Arantes, M.B. Guerra, A. Adame, C.S. Nomura, P.V. Oliveira, H.W.P. de Carvalho, D. Santos, L.C. Nunes, and F.J. Krug. ""Recent advances in LIBS and XRF for the analysis of plants."" Journal of Analytical Atomic Spectrometry 33, no. 6 (2018): 919-944.",,2026-04-02T12:00:00Z,,,
PLANT,,L_MODV2_PLANT_CA_007,calcium,CA,Laser Induced Breakdown Spectroscopy (LIBS),,,,,LIBS Instrument,MEASURED,%,OFFICIAL,VALID,,"de Carvalho, G.G. Arantes, M.B. Guerra, A. Adame, C.S. Nomura, P.V. Oliveira, H.W.P. de Carvalho, D. Santos, L.C. Nunes, and F.J. Krug. ""Recent advances in LIBS and XRF for the analysis of plants."" Journal of Analytical Atomic Spectrometry 33, no. 6 (2018): 919-944.",,2026-04-02T12:00:00Z,,,
PLANT,B-TC.03,L_MODV2_PLANT_TC_001,"carbon, total",TC,Dry Combustion,O2,Varies,m/m,,Thermal Conductivity / IR,MEASURED,%,OFFICIAL,VALID,AOAC International,"AOAC. (1990.) Method 972.43. Microchemical determination of carbon, hydrogen, and nitrogen — Automated method. In Official methods of analysis (15th ed., p. 341). AOAC International",,2026-04-02T12:00:00Z,,,
PLANT,B-CL.14.11,L_MODV2_PLANT_CL_001,chloride,CL,Acetic Acid,2% acetic acid,,,,Coulometric titration,MEASURED,%,OFFICIAL,VALID,WERA-103,"Soil, Plant and Water Reference Methods for the Western Region, 2013, WERA-103. Method B-3.10. Extractable Potassium, Nitrate, Ammonium, Ortho-Phosphate, and Chloride of Botanical Materials.",,2026-04-02T12:00:00Z,2026-04-07T12:00:00Z,UoM corrected from kg/ha to % per WERA B-3.10 Calculations: K and Cl → % nearest 0.01%,
PLANT,B-CL.09.02,L_MODV2_PLANT_CL_002,chloride,CL,Acetic Acid,2% acetic acid,Varies,m/m,,ISE,MEASURED,%,OFFICIAL,VALID,WERA-103,"Soil, Plant and Water Reference Methods for the Western Region, 2013, WERA-103. Method B-3.10. Extractable Potassium, Nitrate, Ammonium, Ortho-Phosphate, and Chloride of Botanical Materials.",,2026-04-02T12:00:00Z,,,
PLANT,B-CL.01.01,L_MODV2_PLANT_CL_003,chloride,CL,deionized water,Deionized Water,Varies,m/m,,Spectrophotometric/Mercuric thiocyanate,MEASURED,%,OFFICIAL,VALID,SPAC,"Kalra, Y. P. (ed.). (1998). Handbook of Reference Methods for Plant Analysis. Ch. 14. Determination of Chloride in Plant Tissue. Taylor & Francis Group.",https://www.google.com/books/edition/Handbook_of_Reference_Methods_for_Plant/wLggXPmhY18C?hl=en&gbpv=0,2026-04-02T12:00:00Z,,,
PLANT,,L_MODV2_PLANT_CL_004,chloride,CL,Nitric Acid,"HNO3, 0.01 M AgNO3",,,,Potentiometric,MEASURED,%,OFFICIAL,RETIRED,,"Frankenberger, W.T., M.A. Tabatabai, D.C. Adriano, and H.E. Doner. 1996. Bromine, chlorine, and fluorine. In: Sparks, D.L., A.L. Page, P.A. Helmke, R.H. Loeppert, P.N. Soltanpour, M.A. Tabatabai, C.T. Johnston, and M.E. Sumner, editors, Methods of Soil Analysis. Part 3. Chemical Methods. SSSA Book Ser. 5.3. SSSA and ASA, Madison, WI. p. 833-867.
Jones Jr., J.B., and V.W. Case. 1990. Sampling, handling, and analyzing plant tissue samples. In: Westerman, R.L., editor, Soil Testing and Plant Analysis. SSSA Book Ser. 3. 3rd ed. SSSA, Madison, WI. p. 389–427.",,2026-04-02T12:00:00Z,,,sample size (0.5g) detection limit (0.1)
PLANT,,L_MODV2_PLANT_CLEL_001,chlorine,CLEL,Energy Dispersive X-Ray Fluorescence (ED-XRF),,Varies,m/m,,ED-XRF Instrument,MEASURED,%,OFFICIAL,VALID,,"de Carvalho, G.G. Arantes, M.B. Guerra, A. Adame, C.S. Nomura, P.V. Oliveira, H.W.P. de Carvalho, D. Santos, L.C. Nunes, and F.J. Krug. ""Recent advances in LIBS and XRF for the analysis of plants."" Journal of Analytical Atomic Spectrometry 33, no. 6 (2018): 919-944.",,2026-04-02T12:00:00Z,,,
PLANT,B-CR.11.04,L_MODV2_PLANT_CR_001,chromium,CR,"Acid Wet Digestion, Open Vessel","HNO3, H2O2",,,,"ICP-OES, AAS",MEASURED,mg/kg,OFFICIAL,VALID,WERA-103,"Soil, Plant and Water Reference Methods for the Western Region, 2013, WERA-103. Method B-4.25. Phosphorus, Potassium, Sulfur, Calcium, Magnesium Sodium, Zinc, Manganese, Copper, Iron and Molybdenum of Botanical Materials",,2026-04-02T12:00:00Z,2026-04-07T12:00:00Z,UoM corrected from kg/ha to mg/kg per WERA B-4.25 Comment 8: Cr explicit trace metal → mg/kg,
PLANT,B-CR.10.04,L_MODV2_PLANT_CR_002,chromium,CR,"Microwave-Assisted Acid Digestion, Closed Vessel","HNO3, H2O2",Varies,m/m,,ICP-OES,MEASURED,%,OFFICIAL,VALID,SPAC,"Kalra, Y. P. (ed.). (1998). Handbook of Reference Methods for Plant Analysis. Ch. 8. Microwave Digestion of Plant Tissue in a Closed Vessel and Ch. 21 Elemental Determination by Inductively Coupled Plasma Atomic Emission Spectroscopy. Taylor & Francis Group.",https://www.google.com/books/edition/Handbook_of_Reference_Methods_for_Plant/wLggXPmhY18C?hl=en&gbpv=0,2026-04-02T12:00:00Z,,,Analyte not listed in Reference
PLANT,,L_MODV2_PLANT_CR_003,chromium,CR,Muffle Furnace Dry Ashing,HNO3,Varies,m/m,,"ICP-OES, AAS",MEASURED,%,OFFICIAL,VALID,SPAC,"Kalra, Y. P. (ed.). (1998). Handbook of Reference Methods for Plant Analysis. Ch. 24 Determination of Cadmium, Chromium, Cobalt, Lead, and Nickel in Plant Tissue. and Ch. 21 Elemental Determination by Inductively Coupled Plasma Atomic Emission Spectroscopy, and Ch. 20. Elemental Determination by Atomic Absorpotion  Spectophotometry.  Taylor & Francis Group.",https://www.google.com/books/edition/Handbook_of_Reference_Methods_for_Plant/wLggXPmhY18C?hl=en&gbpv=0,2026-04-02T12:00:00Z,,,
PLANT,,L_MODV2_PLANT_CR_004,chromium,CR,Energy Dispersive X-Ray Fluorescence (ED-XRF),,Varies,m/m,,ED-XRF Instrument,MEASURED,%,OFFICIAL,VALID,,"de Carvalho, G.G. Arantes, M.B. Guerra, A. Adame, C.S. Nomura, P.V. Oliveira, H.W.P. de Carvalho, D. Santos, L.C. Nunes, and F.J. Krug. ""Recent advances in LIBS and XRF for the analysis of plants."" Journal of Analytical Atomic Spectrometry 33, no. 6 (2018): 919-944.",,2026-04-02T12:00:00Z,,,
PLANT,B-CO.10.04,L_MODV2_PLANT_CO_001,cobalt,CO,"Microwave-Assisted Acid Digestion, Closed Vessel","HNO3, H2O2",Varies,m/m,,ICP-OES,MEASURED,%,OFFICIAL,VALID,SPAC,"Kalra, Y. P. (ed.). (1998). Handbook of Reference Methods for Plant Analysis. Ch. 8. Microwave Digestion of Plant Tissue in a Closed Vessel and Ch. 21 Elemental Determination by Inductively Coupled Plasma Atomic Emission Spectroscopy. Taylor & Francis Group.",https://www.google.com/books/edition/Handbook_of_Reference_Methods_for_Plant/wLggXPmhY18C?hl=en&gbpv=0,2026-04-02T12:00:00Z,,,Analyte not listed in Reference
PLANT,,L_MODV2_PLANT_CO_002,cobalt,CO,Muffle Furnace Dry Ashing,HNO3,Varies,m/m,,"ICP-OES, AAS",MEASURED,%,OFFICIAL,VALID,SPAC,"Kalra, Y. P. (ed.). (1998). Handbook of Reference Methods for Plant Analysis. Ch. 24 Determination of Cadmium, Chromium, Cobalt, Lead, and Nickel in Plant Tissue. and Ch. 21 Elemental Determination by Inductively Coupled Plasma Atomic Emission Spectroscopy, and Ch. 20. Elemental Determination by Atomic Absorpotion  Spectophotometry.  Taylor & Francis Group.",https://www.google.com/books/edition/Handbook_of_Reference_Methods_for_Plant/wLggXPmhY18C?hl=en&gbpv=0,2026-04-02T12:00:00Z,,,
PLANT,,L_MODV2_PLANT_CO_003,cobalt,CO,Energy Dispersive X-Ray Fluorescence (ED-XRF),,Varies,m/m,,ED-XRF Instrument,MEASURED,%,OFFICIAL,VALID,,"de Carvalho, G.G. Arantes, M.B. Guerra, A. Adame, C.S. Nomura, P.V. Oliveira, H.W.P. de Carvalho, D. Santos, L.C. Nunes, and F.J. Krug. ""Recent advances in LIBS and XRF for the analysis of plants."" Journal of Analytical Atomic Spectrometry 33, no. 6 (2018): 919-944.",,2026-04-02T12:00:00Z,,,
PLANT,B-CU.02.04,L_MODV2_PLANT_CU_001,copper,CU,"Acid Wet Digestion, Open Vessel","HNO3, H2O2",,,,"ICP-OES, AAS",MEASURED,mg/kg,OFFICIAL,VALID,WERA-103,"Soil, Plant and Water Reference Methods for the Western Region, 2013, WERA-103. Method B-4.25. Phosphorus, Potassium, Sulfur, Calcium, Magnesium Sodium, Zinc, Manganese, Copper, Iron and Molybdenum of Botanical Materials",,2026-04-02T12:00:00Z,2026-04-07T12:00:00Z,"UoM corrected from kg/ha to mg/kg per WERA B-4.25 Calculations: Zn, Cu → mg/kg nearest 0.1",
PLANT,B-CU.10.04,L_MODV2_PLANT_CU_002,copper,CU,"Microwave-Assisted Acid Digestion, Closed Vessel","HNO3, H2O2",Direct,m/m,,"ICP-OES, AAS",MEASURED,%,OFFICIAL,VALID,SPAC,"Kalra, Y. P. (ed.). (1998). Handbook of Reference Methods for Plant Analysis. Ch. 8. Microwave Digestion of Plant Tissue in a Closed Vessel and Ch. 20. Elemental Determination by Atomic Absorpotion  Spectophotometry or Ch. 21 Elemental Determination by Inductively Coupled Plasma Atomic Emission Spectroscopy. Taylor & Francis Group .",https://www.google.com/books/edition/Handbook_of_Reference_Methods_for_Plant/wLggXPmhY18C?hl=en&gbpv=0,2026-04-02T12:00:00Z,,,
PLANT,,L_MODV2_PLANT_CU_003,copper,CU,"Microwave-Assisted Acid Digestion, Open Vessel","HNO3, HCl, H2O2",Varies,m/m,,"ICP-OES, AAS",MEASURED,%,OFFICIAL,VALID,SPAC,"Kalra, Y. P. (ed.). (1998). Handbook of Reference Methods for Plant Analysis. Ch. 7. Microwave Digestion of Plant Tissue in an Open Vessel and Ch. 21 Elemental Determination by Inductively Coupled Plasma Atomic Emission Spectroscopy. Taylor & Francis Group, and Ch. 20. Elemental Determination by Atomic Absorpotion  Spectophotometry. Taylor & Francis Group .",https://www.google.com/books/edition/Handbook_of_Reference_Methods_for_Plant/wLggXPmhY18C?hl=en&gbpv=0,2026-04-02T12:00:00Z,,,
PLANT,B-CU.05.04,L_MODV2_PLANT_CU_004,copper,CU,"Acid Wet Digestion, Open Vessel","HNO3, HClO4",Varies,m/m,,"ICP-OES, AAS",MEASURED,%,OFFICIAL,VALID,SPAC,"Kalra, Y. P. (ed.). (1998). Handbook of Reference Methods for Plant Analysis. Ch. 6 Nitric-Perchloric Acid Wet Digestion in an Open Vessel; Ch. 21 Elemental Determination by Inductively Coupled Plasma Atomic Emission Spectroscopy, and Ch. 20. Elemental Determination by Atomic Absorpotion  Spectophotometry. Taylor & Francis Group .",https://www.google.com/books/edition/Handbook_of_Reference_Methods_for_Plant/wLggXPmhY18C?hl=en&gbpv=0,2026-04-02T12:00:00Z,,,
PLANT,B-CU.04.04,L_MODV2_PLANT_CU_005,copper,CU,Muffle Furnace Dry Ashing,HCl,Varies,m/m,,"ICP-OES, AAS",MEASURED,%,OFFICIAL,VALID,SPAC,"Kalra, Y. P. (ed.). (1998). Handbook of Reference Methods for Plant Analysis. Ch. 5 High-Temperature Oxidation: Dry Ashing, Ch. 21 Elemental Determination by Inductively Coupled Plasma Atomic Emission Spectroscopy,and Ch. 20. Elemental Determination by Atomic Absorpotion  Spectophotometry. Taylor & Francis Group .",https://www.google.com/books/edition/Handbook_of_Reference_Methods_for_Plant/wLggXPmhY18C?hl=en&gbpv=0,2026-04-02T12:00:00Z,,,
PLANT,,L_MODV2_PLANT_CU_006,copper,CU,Energy Dispersive X-Ray Fluorescence (ED-XRF),,,,,ED-XRF Instrument,MEASURED,%,OFFICIAL,VALID,,"de Carvalho, G.G. Arantes, M.B. Guerra, A. Adame, C.S. Nomura, P.V. Oliveira, H.W.P. de Carvalho, D. Santos, L.C. Nunes, and F.J. Krug. ""Recent advances in LIBS and XRF for the analysis of plants."" Journal of Analytical Atomic Spectrometry 33, no. 6 (2018): 919-944.",,2026-04-02T12:00:00Z,,,
PLANT,,L_MODV2_PLANT_CU_007,copper,CU,Laser Induced Breakdown Spectroscopy (LIBS),,Direct,m/m,,LIBS Instrument,MEASURED,%,OFFICIAL,VALID,,"de Carvalho, G.G. Arantes, M.B. Guerra, A. Adame, C.S. Nomura, P.V. Oliveira, H.W.P. de Carvalho, D. Santos, L.C. Nunes, and F.J. Krug. ""Recent advances in LIBS and XRF for the analysis of plants."" Journal of Analytical Atomic Spectrometry 33, no. 6 (2018): 919-944.",,2026-04-02T12:00:00Z,,,
PLANT,B-DM.10.00,L_MODV2_PLANT_DMP_001,dry matter percent,DMP,Oven Drying,105 C,Direct,,2 hrs,Gravimetric,CALCULATED,%,OFFICIAL,VALID,WERA-103,"Soil, Plant and Water Reference Methods for the Western Region, 2013, WERA-103. Method B-1.10. Determination of Dry Matter Content of Botanical Materials.",,2026-04-02T12:00:00Z,,,In practice most labs heat to 65-80 C
PLANT,,L_MODV2_PLANT_SAMPLE_DRY_001,"sample weight, dry",SAMPLE_DRY,Oven Drying,105 C,Direct,,2 hrs,Gravimetric,MEASURED,mg,OFFICIAL,VALID,WERA-103,"Soil, Plant and Water Reference Methods for the Western Region, 2013, WERA-103. Method B-1.10. Determination of Dry Matter Content of Botanical Materials.",,2026-04-02T12:00:00Z,,,In practice most labs heat to 65-80 C
PLANT,,L_MODV2_PLANT_F_001,fluoride,F,perchloric acid extract,HClO4,Varies,m/m,,ISE,MEASURED,%,OFFICIAL,VALID,,"Villa, Alberto. (1979). Rapid method for determining fluoride in vegetation using an ion-selective electrode. Analyst. 104. 10.1039/an9790400545.",,2026-04-02T12:00:00Z,,,
PLANT,,L_MODV2_PLANT_F_002,fluoride,F,"Microwave-Assisted Acid Digestion, Closed Vessel","HNO3, HCl, H2O2",Varies,m/m,,ISE,MEASURED,mg/kg,OFFICIAL,RETIRED,WEPAL,"Šucman, Emanuel & Bednář, Jiří. (2012). Determination of Fluoride in Plant Material using Microwave Induced Oxygen Combustion. Acta Veterinaria Brno. 81. 10.2754/avb201281030319.",,2026-04-02T12:00:00Z,,,
PLANT,B-FE.02.04,L_MODV2_PLANT_FE_001,iron,FE,"Acid Wet Digestion, Open Vessel","HNO3, H2O2",,,,"ICP-OES, AAS",MEASURED,mg/kg,OFFICIAL,VALID,WERA-103,"Soil, Plant and Water Reference Methods for the Western Region, 2013, WERA-103. Method B-4.25. Phosphorus, Potassium, Sulfur, Calcium, Magnesium Sodium, Zinc, Manganese, Copper, Iron and Molybdenum of Botanical Materials",,2026-04-02T12:00:00Z,2026-04-07T12:00:00Z,"UoM corrected from % to mg/kg per WERA B-4.25 Calculations: Mn, Al, Fe → mg/kg nearest 1",
PLANT,,L_MODV2_PLANT_FE_002,iron,FE,"Microwave-Assisted Acid Digestion, Closed Vessel","HNO3, H2O2",Direct,m/m,,"ICP-OES, AAS",MEASURED,%,OFFICIAL,VALID,SPAC,"Kalra, Y. P. (ed.). (1998). Handbook of Reference Methods for Plant Analysis. Ch. 8. Microwave Digestion of Plant Tissue in a Closed Vessel and Ch. 20. Elemental Determination by Atomic Absorpotion  Spectophotometry or Ch. 21 Elemental Determination by Inductively Coupled Plasma Atomic Emission Spectroscopy. Taylor & Francis Group .",https://www.google.com/books/edition/Handbook_of_Reference_Methods_for_Plant/wLggXPmhY18C?hl=en&gbpv=0,2026-04-02T12:00:00Z,,,
PLANT,,L_MODV2_PLANT_FE_003,iron,FE,"Microwave-Assisted Acid Digestion, Open Vessel","HNO3, HCl, H2O2",Varies,m/m,,"ICP-OES, AAS",MEASURED,%,OFFICIAL,VALID,SPAC,"Kalra, Y. P. (ed.). (1998). Handbook of Reference Methods for Plant Analysis. Ch. 7. Microwave Digestion of Plant Tissue in an Open Vessel and Ch. 21 Elemental Determination by Inductively Coupled Plasma Atomic Emission Spectroscopy. Taylor & Francis Group, and Ch. 20. Elemental Determination by Atomic Absorpotion  Spectophotometry. Taylor & Francis Group .",https://www.google.com/books/edition/Handbook_of_Reference_Methods_for_Plant/wLggXPmhY18C?hl=en&gbpv=0,2026-04-02T12:00:00Z,,,
PLANT,B-FE.05.04,L_MODV2_PLANT_FE_004,iron,FE,"Acid Wet Digestion, Open Vessel","HNO3, HClO4",,,,"ICP-OES, AAS",MEASURED,%,OFFICIAL,VALID,SPAC,"Kalra, Y. P. (ed.). (1998). Handbook of Reference Methods for Plant Analysis. Ch. 6 Nitric-Perchloric Acid Wet Digestion in an Open Vessel; Ch. 21 Elemental Determination by Inductively Coupled Plasma Atomic Emission Spectroscopy, and Ch. 20. Elemental Determination by Atomic Absorpotion  Spectophotometry. Taylor & Francis Group .",https://www.google.com/books/edition/Handbook_of_Reference_Methods_for_Plant/wLggXPmhY18C?hl=en&gbpv=0,2026-04-02T12:00:00Z,,,
PLANT,B-FE.04.04,L_MODV2_PLANT_FE_005,iron,FE,Muffle Furnace Dry Ashing,HCl,Varies,m/m,,"ICP-OES, AAS",MEASURED,%,OFFICIAL,VALID,SPAC,"Kalra, Y. P. (ed.). (1998). Handbook of Reference Methods for Plant Analysis. Ch. 5 High-Temperature Oxidation: Dry Ashing, Ch. 21 Elemental Determination by Inductively Coupled Plasma Atomic Emission Spectroscopy,and Ch. 20. Elemental Determination by Atomic Absorpotion  Spectophotometry. Taylor & Francis Group .",https://www.google.com/books/edition/Handbook_of_Reference_Methods_for_Plant/wLggXPmhY18C?hl=en&gbpv=0,2026-04-02T12:00:00Z,,,
PLANT,,L_MODV2_PLANT_FE_006,iron,FE,Energy Dispersive X-Ray Fluorescence (ED-XRF),,Direct,m/m,,ED-XRF Instrument,MEASURED,%,OFFICIAL,VALID,,"de Carvalho, G.G. Arantes, M.B. Guerra, A. Adame, C.S. Nomura, P.V. Oliveira, H.W.P. de Carvalho, D. Santos, L.C. Nunes, and F.J. Krug. ""Recent advances in LIBS and XRF for the analysis of plants."" Journal of Analytical Atomic Spectrometry 33, no. 6 (2018): 919-944.",,2026-04-02T12:00:00Z,,,
PLANT,,L_MODV2_PLANT_FE_007,iron,FE,Laser Induced Breakdown Spectroscopy (LIBS),,Direct,m/m,,LIBS Instrument,MEASURED,%,OFFICIAL,VALID,,"de Carvalho, G.G. Arantes, M.B. Guerra, A. Adame, C.S. Nomura, P.V. Oliveira, H.W.P. de Carvalho, D. Santos, L.C. Nunes, and F.J. Krug. ""Recent advances in LIBS and XRF for the analysis of plants."" Journal of Analytical Atomic Spectrometry 33, no. 6 (2018): 919-944.",,2026-04-02T12:00:00Z,,,
PLANT,,L_MODV2_PLANT_PB_001,lead,PB,"Acid Wet Digestion, Open Vessel","HNO3, H2O2",Varies,m/m,,"ICP-OES, AAS",MEASURED,mg/kg,OFFICIAL,VALID,WERA-103,"Soil, Plant and Water Reference Methods for the Western Region, 2013, WERA-103. Method B-4.25. Phosphorus, Potassium, Sulfur, Calcium, Magnesium Sodium, Zinc, Manganese, Copper, Iron and Molybdenum of Botanical Materials",,2026-04-02T12:00:00Z,2026-04-07T12:00:00Z,UoM corrected from % to mg/kg per WERA B-4.25: Pb explicit trace element in scope,
PLANT,B-PB.10.04,L_MODV2_PLANT_PB_002,lead,PB,"Microwave-Assisted Acid Digestion, Closed Vessel","HNO3, H2O2",Varies,m/m,,ICP-OES,MEASURED,%,OFFICIAL,VALID,SPAC,"Kalra, Y. P. (ed.). (1998). Handbook of Reference Methods for Plant Analysis. Ch. 8. Microwave Digestion of Plant Tissue in a Closed Vessel and Ch. 21 Elemental Determination by Inductively Coupled Plasma Atomic Emission Spectroscopy. Taylor & Francis Group.",https://www.google.com/books/edition/Handbook_of_Reference_Methods_for_Plant/wLggXPmhY18C?hl=en&gbpv=0,2026-04-02T12:00:00Z,,,
PLANT,B-PB.11.04,L_MODV2_PLANT_PB_003,lead,PB,"Acid Wet Digestion, Open Vessel","HNO3, HClO4",,,,"ICP-OES, AAS",MEASURED,mg/kg,OFFICIAL,VALID,SPAC,"Kalra, Y. P. (ed.). (1998). Handbook of Reference Methods for Plant Analysis. Ch. 6 Nitric-Perchloric Acid Wet Digestion in an Open Vessel; Ch. 21 Elemental Determination by Inductively Coupled Plasma Atomic Emission Spectroscopy, and Ch. 20. Elemental Determination by Atomic Absorpotion  Spectophotometry. Taylor & Francis Group .",https://www.google.com/books/edition/Handbook_of_Reference_Methods_for_Plant/wLggXPmhY18C?hl=en&gbpv=0,2026-04-02T12:00:00Z,2026-04-07T12:00:00Z,UoM corrected to mg/kg per Kalra 1998 Ch.6 trace element (Pb) calculation formula,
PLANT,,L_MODV2_PLANT_PB_004,lead,PB,Muffle Furnace Dry Ashing,HNO3,Varies,m/m,,"ICP-OES, AAS",MEASURED,%,OFFICIAL,VALID,SPAC,"Kalra, Y. P. (ed.). (1998). Handbook of Reference Methods for Plant Analysis. Ch. 24 Determination of Cadmium, Chromium, Cobalt, Lead, and Nickel in Plant Tissue. and Ch. 21 Elemental Determination by Inductively Coupled Plasma Atomic Emission Spectroscopy, and Ch. 20. Elemental Determination by Atomic Absorpotion  Spectophotometry.  Taylor & Francis Group.",https://www.google.com/books/edition/Handbook_of_Reference_Methods_for_Plant/wLggXPmhY18C?hl=en&gbpv=0,2026-04-02T12:00:00Z,,,
PLANT,,L_MODV2_PLANT_PB_005,lead,PB,Laser Induced Breakdown Spectroscopy (LIBS),,Direct,m/m,,LIBS Instrument,MEASURED,%,OFFICIAL,VALID,,"de Carvalho, G.G. Arantes, M.B. Guerra, A. Adame, C.S. Nomura, P.V. Oliveira, H.W.P. de Carvalho, D. Santos, L.C. Nunes, and F.J. Krug. ""Recent advances in LIBS and XRF for the analysis of plants."" Journal of Analytical Atomic Spectrometry 33, no. 6 (2018): 919-944.",,2026-04-02T12:00:00Z,,,Analyte not listed in Reference
PLANT,,L_MODV2_PLANT_PB_006,lead,PB,Energy Dispersive X-Ray Fluorescence (ED-XRF),,,,,ED-XRF Instrument,MEASURED,%,OFFICIAL,VALID,,"de Carvalho, G.G. Arantes, M.B. Guerra, A. Adame, C.S. Nomura, P.V. Oliveira, H.W.P. de Carvalho, D. Santos, L.C. Nunes, and F.J. Krug. ""Recent advances in LIBS and XRF for the analysis of plants."" Journal of Analytical Atomic Spectrometry 33, no. 6 (2018): 919-944.",,2026-04-02T12:00:00Z,,,
PLANT,B-MG.02.04,L_MODV2_PLANT_MG_001,magnesium,MG,"Acid Wet Digestion, Open Vessel","HNO3, H2O2",Varies,m/m,,"ICP-OES, AAS",MEASURED,%,OFFICIAL,VALID,WERA-103,"Soil, Plant and Water Reference Methods for the Western Region, 2013, WERA-103. Method B-4.25. Phosphorus, Potassium, Sulfur, Calcium, Magnesium Sodium, Zinc, Manganese, Copper, Iron and Molybdenum of Botanical Materials",,2026-04-02T12:00:00Z,,,
PLANT,B-MG.10.04,L_MODV2_PLANT_MG_002,magnesium,MG,"Microwave-Assisted Acid Digestion, Closed Vessel","HNO3, H2O2",Direct,m/m,,"ICP-OES, AAS",MEASURED,%,OFFICIAL,VALID,SPAC,"Kalra, Y. P. (ed.). (1998). Handbook of Reference Methods for Plant Analysis. Ch. 8. Microwave Digestion of Plant Tissue in a Closed Vessel and Ch. 20. Elemental Determination by Atomic Absorpotion  Spectophotometry or Ch. 21 Elemental Determination by Inductively Coupled Plasma Atomic Emission Spectroscopy. Taylor & Francis Group .",https://www.google.com/books/edition/Handbook_of_Reference_Methods_for_Plant/wLggXPmhY18C?hl=en&gbpv=0,2026-04-02T12:00:00Z,,,
PLANT,,L_MODV2_PLANT_MG_003,magnesium,MG,"Microwave-Assisted Acid Digestion, Open Vessel","HNO3, HCl, H2O2",Varies,m/m,,"ICP-OES, AAS",MEASURED,%,OFFICIAL,VALID,SPAC,"Kalra, Y. P. (ed.). (1998). Handbook of Reference Methods for Plant Analysis. Ch. 7. Microwave Digestion of Plant Tissue in an Open Vessel and Ch. 21 Elemental Determination by Inductively Coupled Plasma Atomic Emission Spectroscopy. Taylor & Francis Group, and Ch. 20. Elemental Determination by Atomic Absorpotion  Spectophotometry. Taylor & Francis Group .",https://www.google.com/books/edition/Handbook_of_Reference_Methods_for_Plant/wLggXPmhY18C?hl=en&gbpv=0,2026-04-02T12:00:00Z,,,
PLANT,B-MG.05.04,L_MODV2_PLANT_MG_004,magnesium,MG,"Acid Wet Digestion, Open Vessel","HNO3, HClO4",Varies,m/m,,"ICP-OES, AAS",MEASURED,%,OFFICIAL,VALID,SPAC,"Kalra, Y. P. (ed.). (1998). Handbook of Reference Methods for Plant Analysis. Ch. 6 Nitric-Perchloric Acid Wet Digestion in an Open Vessel; Ch. 21 Elemental Determination by Inductively Coupled Plasma Atomic Emission Spectroscopy, and Ch. 20. Elemental Determination by Atomic Absorpotion  Spectophotometry. Taylor & Francis Group .",https://www.google.com/books/edition/Handbook_of_Reference_Methods_for_Plant/wLggXPmhY18C?hl=en&gbpv=0,2026-04-02T12:00:00Z,,,
PLANT,B-MG.04.04,L_MODV2_PLANT_MG_005,magnesium,MG,Muffle Furnace Dry Ashing,HCl,Direct,m/m,,"ICP-OES, AAS",MEASURED,%,OFFICIAL,VALID,SPAC,"Kalra, Y. P. (ed.). (1998). Handbook of Reference Methods for Plant Analysis. Ch. 5 High-Temperature Oxidation: Dry Ashing, Ch. 21 Elemental Determination by Inductively Coupled Plasma Atomic Emission Spectroscopy,and Ch. 20. Elemental Determination by Atomic Absorpotion  Spectophotometry. Taylor & Francis Group .",https://www.google.com/books/edition/Handbook_of_Reference_Methods_for_Plant/wLggXPmhY18C?hl=en&gbpv=0,2026-04-02T12:00:00Z,,,
PLANT,,L_MODV2_PLANT_MG_006,magnesium,MG,Energy Dispersive X-Ray Fluorescence (ED-XRF),,Direct,m/m,,ED-XRF Instrument,MEASURED,%,OFFICIAL,VALID,,"de Carvalho, G.G. Arantes, M.B. Guerra, A. Adame, C.S. Nomura, P.V. Oliveira, H.W.P. de Carvalho, D. Santos, L.C. Nunes, and F.J. Krug. ""Recent advances in LIBS and XRF for the analysis of plants."" Journal of Analytical Atomic Spectrometry 33, no. 6 (2018): 919-944.",,2026-04-02T12:00:00Z,,,
PLANT,,L_MODV2_PLANT_MG_007,magnesium,MG,Laser Induced Breakdown Spectroscopy (LIBS),,Direct,m/m,,LIBS Instrument,MEASURED,%,OFFICIAL,VALID,,"de Carvalho, G.G. Arantes, M.B. Guerra, A. Adame, C.S. Nomura, P.V. Oliveira, H.W.P. de Carvalho, D. Santos, L.C. Nunes, and F.J. Krug. ""Recent advances in LIBS and XRF for the analysis of plants."" Journal of Analytical Atomic Spectrometry 33, no. 6 (2018): 919-944.",,2026-04-02T12:00:00Z,,,
PLANT,,L_MODV2_PLANT_MN_001,manganese,MN,"Acid Wet Digestion, Open Vessel","HNO3, H2O2",Varies,m/m,,"ICP-OES, AAS",MEASURED,mg/kg,OFFICIAL,VALID,WERA-103,"Soil, Plant and Water Reference Methods for the Western Region, 2013, WERA-103. Method B-4.25. Phosphorus, Potassium, Sulfur, Calcium, Magnesium Sodium, Zinc, Manganese, Copper, Iron and Molybdenum of Botanical Materials",,2026-04-02T12:00:00Z,2026-04-07T12:00:00Z,"UoM corrected from % to mg/kg per WERA B-4.25 Calculations: Mn, Al, Fe → mg/kg nearest 1",
PLANT,,L_MODV2_PLANT_MN_002,manganese,MN,"Microwave-Assisted Acid Digestion, Closed Vessel","HNO3, H2O2",,,,ICP-OES,MEASURED,%,OFFICIAL,VALID,SPAC,"Kalra, Y. P. (ed.). (1998). Handbook of Reference Methods for Plant Analysis. Ch. 8. Microwave Digestion of Plant Tissue in a Closed Vessel and Ch. 21 Elemental Determination by Inductively Coupled Plasma Atomic Emission Spectroscopy. Taylor & Francis Group.",https://www.google.com/books/edition/Handbook_of_Reference_Methods_for_Plant/wLggXPmhY18C?hl=en&gbpv=0,2026-04-02T12:00:00Z,,,
PLANT,,L_MODV2_PLANT_MN_003,manganese,MN,"Microwave-Assisted Acid Digestion, Open Vessel","HNO3, HCl, H2O2",Varies,m/m,,"ICP-OES, AAS",MEASURED,%,OFFICIAL,VALID,SPAC,"Kalra, Y. P. (ed.). (1998). Handbook of Reference Methods for Plant Analysis. Ch. 7. Microwave Digestion of Plant Tissue in an Open Vessel and Ch. 21 Elemental Determination by Inductively Coupled Plasma Atomic Emission Spectroscopy. Taylor & Francis Group, and Ch. 20. Elemental Determination by Atomic Absorpotion  Spectophotometry. Taylor & Francis Group .",https://www.google.com/books/edition/Handbook_of_Reference_Methods_for_Plant/wLggXPmhY18C?hl=en&gbpv=0,2026-04-02T12:00:00Z,,,
PLANT,,L_MODV2_PLANT_MN_004,manganese,MN,"Acid Wet Digestion, Open Vessel","HNO3, HClO4",Varies,m/m,,"ICP-OES, AAS",MEASURED,%,OFFICIAL,VALID,SPAC,"Kalra, Y. P. (ed.). (1998). Handbook of Reference Methods for Plant Analysis. Ch. 6 Nitric-Perchloric Acid Wet Digestion in an Open Vessel; Ch. 21 Elemental Determination by Inductively Coupled Plasma Atomic Emission Spectroscopy, and Ch. 20. Elemental Determination by Atomic Absorpotion  Spectophotometry. Taylor & Francis Group .",https://www.google.com/books/edition/Handbook_of_Reference_Methods_for_Plant/wLggXPmhY18C?hl=en&gbpv=0,2026-04-02T12:00:00Z,,,
PLANT,,L_MODV2_PLANT_MN_005,manganese,MN,Muffle Furnace Dry Ashing,HCl,Varies,m/m,,"ICP-OES, AAS",MEASURED,%,OFFICIAL,VALID,SPAC,"Kalra, Y. P. (ed.). (1998). Handbook of Reference Methods for Plant Analysis. Ch. 5 High-Temperature Oxidation: Dry Ashing, Ch. 21 Elemental Determination by Inductively Coupled Plasma Atomic Emission Spectroscopy,and Ch. 20. Elemental Determination by Atomic Absorpotion  Spectophotometry. Taylor & Francis Group .",https://www.google.com/books/edition/Handbook_of_Reference_Methods_for_Plant/wLggXPmhY18C?hl=en&gbpv=0,2026-04-02T12:00:00Z,,,
PLANT,,L_MODV2_PLANT_MN_006,manganese,MN,Energy Dispersive X-Ray Fluorescence (ED-XRF),,Direct,m/m,,ED-XRF Instrument,MEASURED,%,OFFICIAL,VALID,,"de Carvalho, G.G. Arantes, M.B. Guerra, A. Adame, C.S. Nomura, P.V. Oliveira, H.W.P. de Carvalho, D. Santos, L.C. Nunes, and F.J. Krug. ""Recent advances in LIBS and XRF for the analysis of plants."" Journal of Analytical Atomic Spectrometry 33, no. 6 (2018): 919-944.",,2026-04-02T12:00:00Z,,,
PLANT,,L_MODV2_PLANT_MN_007,manganese,MN,Laser Induced Breakdown Spectroscopy (LIBS),,Direct,m/m,,LIBS Instrument,MEASURED,%,OFFICIAL,VALID,,"de Carvalho, G.G. Arantes, M.B. Guerra, A. Adame, C.S. Nomura, P.V. Oliveira, H.W.P. de Carvalho, D. Santos, L.C. Nunes, and F.J. Krug. ""Recent advances in LIBS and XRF for the analysis of plants."" Journal of Analytical Atomic Spectrometry 33, no. 6 (2018): 919-944.",,2026-04-02T12:00:00Z,,,
PLANT,B-HG.10.04,L_MODV2_PLANT_HG_001,mercury,HG,"Thermal Decomposition, Amalgamation",,Varies,m/m,,AAS,MEASURED,%,OFFICIAL,VALID,US-EPA,"U.S. EPA. Method  7473 Mercury in Solids and Solutions by Thermal Decomposition, Amalgamation, and Atomic Absorption Spectrophotometry.",https://www.epa.gov/sites/default/files/2015-07/documents/epa-7473.pdf,2026-04-02T12:00:00Z,,,
PLANT,,L_MODV2_PLANT_HG_002,mercury,HG,Cold Vapor,"Aqua regia, H2SO4, KMnO4",Varies,m/m,,HG-AAS,MEASURED,%,OFFICIAL,VALID,US-EPA,U.S. EPA. Method  7471B. Mercury in Solid or Semisolid Wastes (Manual Cold-Vapor Technique).,https://www.epa.gov/esam/epa-method-7471b-sw-846-mercury-solid-or-semisolid-wastes-manual-cold-vapor-technique,2026-04-02T12:00:00Z,,,
PLANT,,L_MODV2_PLANT_HG_003,mercury,HG,"Acid Wet Digestion, Open Vessel w/ Hydride Generation","HNO3, H2SO4, V2O5",Varies,m/m,,HG-AAS,MEASURED,%,OFFICIAL,VALID,SPAC,"Kalra, Y. P. (ed.). (1998). Handbook of Reference Methods for Plant Analysis. Ch. 23. Determination of Arsenic and Mercury in Plant Tissue . Taylor & Francis Group .",https://www.google.com/books/edition/Handbook_of_Reference_Methods_for_Plant/wLggXPmhY18C?hl=en&gbpv=0,2026-04-02T12:00:00Z,,,
PLANT,,L_MODV2_PLANT_GWC_001,moisture content,GWC,Oven Drying,105 C,Direct,,2 hrs,Gravimetric,CALCULATED,%,OFFICIAL,VALID,WERA-103,"Soil, Plant and Water Reference Methods for the Western Region, 2013, WERA-103. Method B-1.10. Determination of Dry Matter Content of Botanical Materials.",,2026-04-02T12:00:00Z,,,In practice most labs heat to 65-80 C
PLANT,B-MO.05.04,L_MODV2_PLANT_MO_001,molybdenum,MO,wet ash,,Varies,m/m,,ICP-OES,MEASURED,mg/kg,OFFICIAL,RETIRED,US-EPA,"U.S. EPA. 1994. “Method 200.7: Determination of Metals and Trace Elements in Water and Wastes by Inductively Coupled Plasma-Atomic Emission Spectrometry,” Revision 4.4. Cincinnati, OH",,2026-04-02T12:00:00Z,,,
PLANT,B-MO.02.04,L_MODV2_PLANT_MO_002,molybdenum,MO,"Acid Wet Digestion, Open Vessel","HNO3, H2O2",Varies,m/m,,"ICP-OES, AAS",MEASURED,mg/kg,OFFICIAL,VALID,WERA-103,"Soil, Plant and Water Reference Methods for the Western Region, 2013, WERA-103. Method B-4.25. Phosphorus, Potassium, Sulfur, Calcium, Magnesium Sodium, Zinc, Manganese, Copper, Iron and Molybdenum of Botanical Materials",,2026-04-02T12:00:00Z,2026-04-07T12:00:00Z,UoM corrected from % to mg/kg per WERA B-4.25 Comment 8: Mo explicit trace metal → mg/kg,
PLANT,B-MO.10.04,L_MODV2_PLANT_MO_003,molybdenum,MO,"Microwave-Assisted Acid Digestion, Closed Vessel","HNO3, H2O2",Varies,m/m,,ICP-OES,MEASURED,%,OFFICIAL,VALID,SPAC,"Kalra, Y. P. (ed.). (1998). Handbook of Reference Methods for Plant Analysis. Ch. 8. Microwave Digestion of Plant Tissue in a Closed Vessel and Ch. 21 Elemental Determination by Inductively Coupled Plasma Atomic Emission Spectroscopy. Taylor & Francis Group.",https://www.google.com/books/edition/Handbook_of_Reference_Methods_for_Plant/wLggXPmhY18C?hl=en&gbpv=0,2026-04-02T12:00:00Z,,,
PLANT,B-MO.11.04,L_MODV2_PLANT_MO_004,molybdenum,MO,"Acid Wet Digestion, Open Vessel","HNO3, HClO4",,,,"ICP-OES, AAS",MEASURED,mg/kg,OFFICIAL,VALID,SPAC,"Kalra, Y. P. (ed.). (1998). Handbook of Reference Methods for Plant Analysis. Ch. 6 Nitric-Perchloric Acid Wet Digestion in an Open Vessel; Ch. 21 Elemental Determination by Inductively Coupled Plasma Atomic Emission Spectroscopy, and Ch. 20. Elemental Determination by Atomic Absorpotion  Spectophotometry. Taylor & Francis Group .",https://www.google.com/books/edition/Handbook_of_Reference_Methods_for_Plant/wLggXPmhY18C?hl=en&gbpv=0,2026-04-02T12:00:00Z,2026-04-07T12:00:00Z,UoM corrected to mg/kg per Kalra 1998 Ch.6 trace element calculation formula,
PLANT,,L_MODV2_PLANT_MO_005,molybdenum,MO,Muffle Furnace Dry Ashing,HCl,,,,"ICP-OES, AAS",MEASURED,mg/kg,OFFICIAL,VALID,SPAC,"Kalra, Y. P. (ed.). (1998). Handbook of Reference Methods for Plant Analysis. Ch. 5 High-Temperature Oxidation: Dry Ashing, Ch. 21 Elemental Determination by Inductively Coupled Plasma Atomic Emission Spectroscopy,and Ch. 20. Elemental Determination by Atomic Absorpotion  Spectophotometry. Taylor & Francis Group .",https://www.google.com/books/edition/Handbook_of_Reference_Methods_for_Plant/wLggXPmhY18C?hl=en&gbpv=0,2026-04-02T12:00:00Z,2026-04-07T12:00:00Z,UoM corrected from g to mg/kg,Analyte not listed in reference
PLANT,,L_MODV2_PLANT_MO_006,molybdenum,MO,Energy Dispersive X-Ray Fluorescence (ED-XRF),,Direct,m/m,,ED-XRF Instrument,MEASURED,%,OFFICIAL,VALID,,"de Carvalho, G.G. Arantes, M.B. Guerra, A. Adame, C.S. Nomura, P.V. Oliveira, H.W.P. de Carvalho, D. Santos, L.C. Nunes, and F.J. Krug. ""Recent advances in LIBS and XRF for the analysis of plants."" Journal of Analytical Atomic Spectrometry 33, no. 6 (2018): 919-944.",,2026-04-02T12:00:00Z,,,Measured using ED-PXRF
PLANT,B-MO.05.06,L_MODV2_PLANT_MO_007,molybdenum,MO,wet ash,,Varies,m/m,,ICP-MS,MEASURED,mg/kg,OFFICIAL,RETIRED,,,,2026-04-02T12:00:00Z,,,
PLANT,,L_MODV2_PLANT_NI_001,nickel,NI,"Acid Wet Digestion, Open Vessel","HNO3, H2O2",,,,"ICP-OES, AAS",MEASURED,mg/kg,OFFICIAL,VALID,WERA-103,"Soil, Plant and Water Reference Methods for the Western Region, 2013, WERA-103. Method B-4.25. Phosphorus, Potassium, Sulfur, Calcium, Magnesium Sodium, Zinc, Manganese, Copper, Iron and Molybdenum of Botanical Materials",,2026-04-02T12:00:00Z,2026-04-07T12:00:00Z,UoM corrected from ratio to mg/kg per WERA B-4.25: Ni explicit trace element in scope,
PLANT,B-NI.10.04,L_MODV2_PLANT_NI_002,nickel,NI,"Microwave-Assisted Acid Digestion, Closed Vessel","HNO3, H2O2",,,,ICP-OES,MEASURED,%,OFFICIAL,VALID,SPAC,"Kalra, Y. P. (ed.). (1998). Handbook of Reference Methods for Plant Analysis. Ch. 8. Microwave Digestion of Plant Tissue in a Closed Vessel and Ch. 21 Elemental Determination by Inductively Coupled Plasma Atomic Emission Spectroscopy. Taylor & Francis Group.",https://www.google.com/books/edition/Handbook_of_Reference_Methods_for_Plant/wLggXPmhY18C?hl=en&gbpv=0,2026-04-02T12:00:00Z,,,Analyte not listed in Reference
PLANT,B-NI.11.04,L_MODV2_PLANT_NI_003,nickel,NI,"Acid Wet Digestion, Open Vessel","HNO3, HClO4",,,,"ICP-OES, AAS",MEASURED,mg/kg,OFFICIAL,VALID,SPAC,"Kalra, Y. P. (ed.). (1998). Handbook of Reference Methods for Plant Analysis. Ch. 6 Nitric-Perchloric Acid Wet Digestion in an Open Vessel; Ch. 21 Elemental Determination by Inductively Coupled Plasma Atomic Emission Spectroscopy, and Ch. 20. Elemental Determination by Atomic Absorpotion  Spectophotometry. Taylor & Francis Group .",https://www.google.com/books/edition/Handbook_of_Reference_Methods_for_Plant/wLggXPmhY18C?hl=en&gbpv=0,2026-04-02T12:00:00Z,2026-04-07T12:00:00Z,UoM corrected to mg/kg per Kalra 1998 Ch.6 trace element (Ni) calculation formula,
PLANT,,L_MODV2_PLANT_NI_004,nickel,NI,Muffle Furnace Dry Ashing,HNO3,Varies,m/m,,"ICP-OES, AAS",MEASURED,%,OFFICIAL,VALID,SPAC,"Kalra, Y. P. (ed.). (1998). Handbook of Reference Methods for Plant Analysis. Ch. 24 Determination of Cadmium, Chromium, Cobalt, Lead, and Nickel in Plant Tissue. and Ch. 21 Elemental Determination by Inductively Coupled Plasma Atomic Emission Spectroscopy, and Ch. 20. Elemental Determination by Atomic Absorpotion  Spectophotometry.  Taylor & Francis Group.",https://www.google.com/books/edition/Handbook_of_Reference_Methods_for_Plant/wLggXPmhY18C?hl=en&gbpv=0,2026-04-02T12:00:00Z,,,
PLANT,,L_MODV2_PLANT_NI_005,nickel,NI,Energy Dispersive X-Ray Fluorescence (ED-XRF),,Varies,m/m,,ED-XRF Instrument,MEASURED,%,OFFICIAL,VALID,,"de Carvalho, G.G. Arantes, M.B. Guerra, A. Adame, C.S. Nomura, P.V. Oliveira, H.W.P. de Carvalho, D. Santos, L.C. Nunes, and F.J. Krug. ""Recent advances in LIBS and XRF for the analysis of plants."" Journal of Analytical Atomic Spectrometry 33, no. 6 (2018): 919-944.",,2026-04-02T12:00:00Z,,,
PLANT,B-NO3.09.10,L_MODV2_PLANT_NO3N_001,nitrate-nitrogen,NO3N,Water,,,,,Spectrophotometric / NO3-N Reduction,MEASURED,mg/kg,OFFICIAL,VALID,WERA-103,"Soil, Plant and Water Reference Methods for the Western Region, 2013, WERA-103. Method B-3.10. Extractable Potassium, Nitrate, Ammonium, Ortho-Phosphate, and Chloride of Botanical Materials. Modified Extractant.",,2026-04-02T12:00:00Z,2026-04-07T12:00:00Z,UoM corrected from % to mg/kg per WERA B-3.10 (modified extractant) Calculations: NO3-N → mg/kg nearest 10,
PLANT,,L_MODV2_PLANT_NO3N_002,nitrate-nitrogen,NO3N,Acetic Acid,2% acetic acid,,,,Diffusion Conductivity,MEASURED,mg/kg,OFFICIAL,VALID,WERA-103,"Soil, Plant and Water Reference Methods for the Western Region, 2013, WERA-103. Method B-3.10. Extractable Potassium, Nitrate, Ammonium, Ortho-Phosphate, and Chloride of Botanical Materials.",,2026-04-02T12:00:00Z,2026-04-07T12:00:00Z,UoM corrected from kg/ha to mg/kg per WERA B-3.10 Calculations: NO3-N → mg/kg nearest 10,Modified-Diffusion Conductivity is not listed in B 3.10 for NO3
PLANT,B-NO3.01.01,L_MODV2_PLANT_NO3N_003,nitrate-nitrogen,NO3N,Acetic Acid,2% acetic acid,,,,Spectrophotometric / NO3-N Reduction,MEASURED,mg/kg,OFFICIAL,VALID,WERA-103,"Soil, Plant and Water Reference Methods for the Western Region, 2013, WERA-103. Method B-3.10. Extractable Potassium, Nitrate, Ammonium, Ortho-Phosphate, and Chloride of Botanical Materials.",,2026-04-02T12:00:00Z,2026-04-07T12:00:00Z,UoM corrected from % to mg/kg per WERA B-3.10 Calculations: NO3-N → mg/kg nearest 10,replace acetic acid with KCL
PLANT,B-NO3.01.07,L_MODV2_PLANT_NO3N_004,nitrate-nitrogen,NO3N,Aluminum Sulfate,Ion Strength Adjusting,,,,ISE,MEASURED,mg/kg,OFFICIAL,VALID,SPAC,"Kalra, Y. P. (ed.). (1998). Handbook of Reference Methods for Plant Analysis. Ch. 10. Extractable Nitrate in Plant Tissue: Ion-Selective Electrode Method. Taylor & Francis Group.",https://www.google.com/books/edition/Handbook_of_Reference_Methods_for_Plant/wLggXPmhY18C?hl=en&gbpv=0,2026-04-02T12:00:00Z,2026-04-07T12:00:00Z,UoM corrected from kg/ha to mg/kg per Kalra 1998 Ch.10: Report mg NO3-N to nearest 10 mg/kg,
PLANT,B-TN.03.01,L_MODV2_PLANT_TN_001,"nitrogen, total",TN,Combustion,O2,Varies,m/m,,Thermal Conductivity,MEASURED,%,OFFICIAL,VALID,WERA-103,"Soil, Plant and Water Reference Methods for the Western Region, 2013, WERA-103. Method B-2.20. Total Nitrogen, automated combustion",,2026-04-02T12:00:00Z,,,
PLANT,B-TN.03.00,L_MODV2_PLANT_TN_002,"nitrogen, total",TN,near infrared,,,,,Near Infra-red Reflectance,MEASURED,%,PROVISIONAL,VALID,,,,2026-04-02T12:00:00Z,,,
PLANT,,L_MODV2_PLANT_TN_003,"nitrogen, total",TN,Kjeldahl,H2SO4 + Catalyst digest,Varies,m/m,,Diffusion Conductivity,MEASURED,%,OFFICIAL,VALID,WERA-103,"Soil, Plant and Water Reference Methods for the Western Region, 2013, WERA-103. Method B 2.10. Total Kjeldahl Nitrogen Determination in Botanical Materials.",,2026-04-02T12:00:00Z,,,
PLANT,B-TN.16.01,L_MODV2_PLANT_TN_004,"nitrogen, total",TN,Kjeldahl,H2SO4 + Catalyst digest,Varies,m/m,,Spectrophotometric,MEASURED,%,OFFICIAL,VALID,SPAC,"Kalra, Y. P. (ed.). (1998). Handbook of Reference Methods for Plant Analysis. Ch. 9. Determination of Total Nitrogen in Plant Tissue Plant Tissue. Taylor & Francis Group.",https://www.google.com/books/edition/Handbook_of_Reference_Methods_for_Plant/wLggXPmhY18C?hl=en&gbpv=0,2026-04-02T12:00:00Z,,,
PLANT,B-NO3.02.01,L_MODV2_PLANT_TN_005,"nitrogen, total",TN,Kjeldahl,H2SO4 + Catalyst digest,Varies,m/m,,Titration,MEASURED,%,OFFICIAL,VALID,SPAC,"Kalra, Y. P. (ed.). (1998). Handbook of Reference Methods for Plant Analysis. Ch. 9. Determination of Total Nitrogen in Plant Tissue Plant Tissue. Taylor & Francis Group.",https://www.google.com/books/edition/Handbook_of_Reference_Methods_for_Plant/wLggXPmhY18C?hl=en&gbpv=0,2026-04-02T12:00:00Z,,,
PLANT,,L_MODV2_PLANT_PO4P_001,phosphate-phosphorus,PO4P,Acetic Acid,2% acetic acid,Varies,m/m,,Spectrophotometric,MEASURED,mg/kg,OFFICIAL,VALID,WERA-103,"Soil, Plant and Water Reference Methods for the Western Region, 2013, WERA-103. Method B-3.10. Extractable Potassium, Nitrate, Ammonium, Ortho-Phosphate, and Chloride of Botanical Materials.",,2026-04-02T12:00:00Z,2026-04-07T12:00:00Z,UoM corrected from % to mg/kg per WERA B-3.10 Calculations: PO4-P → mg/kg nearest 10,
PLANT,B-TP.05.04,L_MODV2_PLANT_P_001,phosphorus,P,wet ash,,Varies,m/m,,ICP-OES,MEASURED,mg/kg,OFFICIAL,RETIRED,US-EPA,"U.S. EPA. 1994. “Method 200.7: Determination of Metals and Trace Elements in Water and Wastes by Inductively Coupled Plasma-Atomic Emission Spectrometry,” Revision 4.4. Cincinnati, OH",,2026-04-02T12:00:00Z,,,Modified - Note 8
PLANT,B-TP.02.04,L_MODV2_PLANT_P_002,phosphorus,P,"Acid Wet Digestion, Open Vessel","HNO3, H2O2",,,,"ICP-OES, Colorimetric",MEASURED,%,OFFICIAL,VALID,WERA-103,"Soil, Plant and Water Reference Methods for the Western Region, 2013, WERA-103. Method B-4.25. Phosphorus, Potassium, Sulfur, Calcium, Magnesium Sodium, Zinc, Manganese, Copper, Iron and Molybdenum of Botanical Materials",,2026-04-02T12:00:00Z,2026-04-07T12:00:00Z,"UoM corrected from ratio to % per WERA B-4.25 Calculations: P,K,S,Ca,Mg,Na → % nearest 0.001%",
PLANT,B-P.10.04,L_MODV2_PLANT_P_003,phosphorus,P,"Microwave-Assisted Acid Digestion, Closed Vessel","HNO3, H2O2",,,,ICP-OES,MEASURED,%,OFFICIAL,VALID,SPAC,"Kalra, Y. P. (ed.). (1998). Handbook of Reference Methods for Plant Analysis. Ch. 8. Microwave Digestion of Plant Tissue in a Closed Vessel and Ch. 21 Elemental Determination by Inductively Coupled Plasma Atomic Emission Spectroscopy. Taylor & Francis Group.",https://www.google.com/books/edition/Handbook_of_Reference_Methods_for_Plant/wLggXPmhY18C?hl=en&gbpv=0,2026-04-02T12:00:00Z,,,
PLANT,,L_MODV2_PLANT_P_004,phosphorus,P,"Microwave-Assisted Acid Digestion, Open Vessel","HNO3, HCl, H2O2",Varies,m/m,,"ICP-OES, ICP-MS",MEASURED,%,OFFICIAL,VALID,SPAC,"Kalra, Y. P. (ed.). (1998). Handbook of Reference Methods for Plant Analysis. Ch. 7. Microwave Digestion of Plant Tissue in an Open Vessel and Ch. 21 Elemental Determination by Inductively Coupled Plasma Atomic Emission Spectroscopy. Taylor & Francis Group, and Ch. 20. Elemental Determination by Atomic Absorpotion  Spectophotometry. Taylor & Francis Group .",https://www.google.com/books/edition/Handbook_of_Reference_Methods_for_Plant/wLggXPmhY18C?hl=en&gbpv=0,2026-04-02T12:00:00Z,,,
PLANT,,L_MODV2_PLANT_P_005,phosphorus,P,"Acid Wet Digestion, Open Vessel","HNO3, HClO4",,,,"ICP-OES, Colorimetric",MEASURED,%,OFFICIAL,VALID,SPAC,"Kalra, Y. P. (ed.). (1998). Handbook of Reference Methods for Plant Analysis. Ch. 6 Nitric-Perchloric Acid Wet Digestion in an Open Vessel; Ch. 21 Elemental Determination by Inductively Coupled Plasma Atomic Emission Spectroscopy. Taylor & Francis Group .",https://www.google.com/books/edition/Handbook_of_Reference_Methods_for_Plant/wLggXPmhY18C?hl=en&gbpv=0,2026-04-02T12:00:00Z,2026-04-07T12:00:00Z,"UoM corrected to % per Kalra 1998 Ch.6 macro element group (P,K,S,Ca,Mg,Na)",
PLANT,B-TP.04.04,L_MODV2_PLANT_P_006,phosphorus,P,Muffle Furnace Dry Ashing,HCl,Varies,m/m,,ICP-OES,MEASURED,%,OFFICIAL,VALID,SPAC,"Kalra, Y. P. (ed.). (1998). Handbook of Reference Methods for Plant Analysis. Ch. 5 High-Temperature Oxidation: Dry Ashing, Ch. 21 Elemental Determination by Inductively Coupled Plasma Atomic Emission Spectroscopy. Taylor & Francis Group .",https://www.google.com/books/edition/Handbook_of_Reference_Methods_for_Plant/wLggXPmhY18C?hl=en&gbpv=0,2026-04-02T12:00:00Z,,,
PLANT,,L_MODV2_PLANT_P_007,phosphorus,P,Energy Dispersive X-Ray Fluorescence (ED-XRF),,,,,ED-XRF Instrument,MEASURED,%,OFFICIAL,VALID,,"de Carvalho, G.G. Arantes, M.B. Guerra, A. Adame, C.S. Nomura, P.V. Oliveira, H.W.P. de Carvalho, D. Santos, L.C. Nunes, and F.J. Krug. ""Recent advances in LIBS and XRF for the analysis of plants."" Journal of Analytical Atomic Spectrometry 33, no. 6 (2018): 919-944.",,2026-04-02T12:00:00Z,,,
PLANT,,L_MODV2_PLANT_P_008,phosphorus,P,Laser Induced Breakdown Spectroscopy (LIBS),,Direct,m/m,,LIBS Instrument,MEASURED,%,OFFICIAL,VALID,,"de Carvalho, G.G. Arantes, M.B. Guerra, A. Adame, C.S. Nomura, P.V. Oliveira, H.W.P. de Carvalho, D. Santos, L.C. Nunes, and F.J. Krug. ""Recent advances in LIBS and XRF for the analysis of plants."" Journal of Analytical Atomic Spectrometry 33, no. 6 (2018): 919-944.",,2026-04-02T12:00:00Z,,,
PLANT,B-K.02.04,L_MODV2_PLANT_K_001,potassium,K,"Acid Wet Digestion, Open Vessel","HNO3, H2O2",,,,"ICP-OES, AAS",MEASURED,%,OFFICIAL,VALID,WERA-103,"Soil, Plant and Water Reference Methods for the Western Region, 2013, WERA-103. Method B-4.25. Phosphorus, Potassium, Sulfur, Calcium, Magnesium Sodium, Zinc, Manganese, Copper, Iron and Molybdenum of Botanical Materials",,2026-04-02T12:00:00Z,2026-04-07T12:00:00Z,"UoM corrected from ratio to % per WERA B-4.25 Calculations: P,K,S,Ca,Mg,Na → % nearest 0.001%",
PLANT,,L_MODV2_PLANT_K_002,potassium,K,Acetic Acid,2% acetic acid,Varies,m/m,,ICP-OES,MEASURED,%,OFFICIAL,VALID,WERA-103,"Soil, Plant and Water Reference Methods for the Western Region, 2013, WERA-103. Method B-3.10. Extractable Potassium, Nitrate, Ammonium, Ortho-Phosphate, and Chloride of Botanical Materials.",,2026-04-02T12:00:00Z,,,
PLANT,B-K.10.04,L_MODV2_PLANT_K_003,potassium,K,"Microwave-Assisted Acid Digestion, Closed Vessel","HNO3, H2O2",Direct,m/m,,"ICP-OES, AAS",MEASURED,%,OFFICIAL,VALID,SPAC,"Kalra, Y. P. (ed.). (1998). Handbook of Reference Methods for Plant Analysis. Ch. 8. Microwave Digestion of Plant Tissue in a Closed Vessel and Ch. 20. Elemental Determination by Atomic Absorpotion  Spectophotometry or Ch. 21 Elemental Determination by Inductively Coupled Plasma Atomic Emission Spectroscopy. Taylor & Francis Group .",https://www.google.com/books/edition/Handbook_of_Reference_Methods_for_Plant/wLggXPmhY18C?hl=en&gbpv=0,2026-04-02T12:00:00Z,,,
PLANT,B-K.02.04,L_MODV2_PLANT_K_004,potassium,K,"Microwave-Assisted Acid Digestion, Open Vessel","HNO3, HCl, H2O2",Varies,m/m,,"ICP-OES, AAS",MEASURED,%,OFFICIAL,VALID,SPAC,"Kalra, Y. P. (ed.). (1998). Handbook of Reference Methods for Plant Analysis. Ch. 7. Microwave Digestion of Plant Tissue in an Open Vessel and Ch. 21 Elemental Determination by Inductively Coupled Plasma Atomic Emission Spectroscopy. Taylor & Francis Group, and Ch. 20. Elemental Determination by Atomic Absorpotion  Spectophotometry. Taylor & Francis Group .",https://www.google.com/books/edition/Handbook_of_Reference_Methods_for_Plant/wLggXPmhY18C?hl=en&gbpv=0,2026-04-02T12:00:00Z,,,
PLANT,B-K.02.04,L_MODV2_PLANT_K_005,potassium,K,"Acid Wet Digestion, Open Vessel","HNO3, HClO4",Varies,m/m,,"ICP-OES, AAS",MEASURED,%,OFFICIAL,VALID,SPAC,"Kalra, Y. P. (ed.). (1998). Handbook of Reference Methods for Plant Analysis. Ch. 6 Nitric-Perchloric Acid Wet Digestion in an Open Vessel; Ch. 21 Elemental Determination by Inductively Coupled Plasma Atomic Emission Spectroscopy, and Ch. 20. Elemental Determination by Atomic Absorpotion  Spectophotometry. Taylor & Francis Group .",https://www.google.com/books/edition/Handbook_of_Reference_Methods_for_Plant/wLggXPmhY18C?hl=en&gbpv=0,2026-04-02T12:00:00Z,,,
PLANT,B-K.04.04,L_MODV2_PLANT_K_006,potassium,K,Muffle Furnace Dry Ashing,HCl,Direct,m/m,,"ICP-OES, AAS",MEASURED,%,OFFICIAL,VALID,SPAC,"Kalra, Y. P. (ed.). (1998). Handbook of Reference Methods for Plant Analysis. Ch. 5 High-Temperature Oxidation: Dry Ashing, Ch. 21 Elemental Determination by Inductively Coupled Plasma Atomic Emission Spectroscopy,and Ch. 20. Elemental Determination by Atomic Absorpotion  Spectophotometry. Taylor & Francis Group .",https://www.google.com/books/edition/Handbook_of_Reference_Methods_for_Plant/wLggXPmhY18C?hl=en&gbpv=0,2026-04-02T12:00:00Z,,,
PLANT,,L_MODV2_PLANT_K_007,potassium,K,Energy Dispersive X-Ray Fluorescence (ED-XRF),,,,,ED-XRF Instrument,MEASURED,%,OFFICIAL,VALID,,"de Carvalho, G.G. Arantes, M.B. Guerra, A. Adame, C.S. Nomura, P.V. Oliveira, H.W.P. de Carvalho, D. Santos, L.C. Nunes, and F.J. Krug. ""Recent advances in LIBS and XRF for the analysis of plants."" Journal of Analytical Atomic Spectrometry 33, no. 6 (2018): 919-944.",,2026-04-02T12:00:00Z,2026-06-18T12:00:00Z,Reporting Unit corrected: 'ratio'→'%'. ED-XRF reports elemental concentration; all other potassium rows use %.,
PLANT,,L_MODV2_PLANT_K_008,potassium,K,Laser Induced Breakdown Spectroscopy (LIBS),,Direct,m/m,,LIBS Instrument,MEASURED,%,OFFICIAL,VALID,,"de Carvalho, G.G. Arantes, M.B. Guerra, A. Adame, C.S. Nomura, P.V. Oliveira, H.W.P. de Carvalho, D. Santos, L.C. Nunes, and F.J. Krug. ""Recent advances in LIBS and XRF for the analysis of plants."" Journal of Analytical Atomic Spectrometry 33, no. 6 (2018): 919-944.",,2026-04-02T12:00:00Z,,,
PLANT,,L_MODV2_PLANT_SE_001,selenium,SE,"Acid Wet Digestion, Open Vessel","HNO3, H2O2, HCl",Varies,m/m,,"GFAA, ICP-OES",MEASURED,%,OFFICIAL,VALID,US-EPA,"U.S. EPA. 1996. “Method 3050B: Acid Digestion of Sediments, Sludges, and Soils,” Revision 2. Washington, DC. / EPA Method 3050B (SW-846): Acid Digestion of Sediments, Sludges, and Soils, 1996.",https://www.epa.gov/sites/default/files/2015-06/documents/epa-3050b.pdf,2026-04-02T12:00:00Z,,,
PLANT,B-SE.05.04,L_MODV2_PLANT_SE_002,selenium,SE,wet ash,,Varies,m/m,,ICP-OES,MEASURED,mg/kg,OFFICIAL,RETIRED,US-EPA,"U.S. EPA. 1994. “Method 200.7: Determination of Metals and Trace Elements in Water and Wastes by Inductively Coupled Plasma-Atomic Emission Spectrometry,” Revision 4.4. Cincinnati, OH",,2026-04-02T12:00:00Z,,,
PLANT,B-SE.05.06,L_MODV2_PLANT_SE_003,selenium,SE,"Acid Wet Digestion, Open Vessel","HNO3, H2O2",Varies,m/m,,"ICP-OES, AAS",MEASURED,mg/kg,OFFICIAL,VALID,WERA-103,"Soil, Plant and Water Reference Methods for the Western Region, 2013, WERA-103. Method B-4.25. Phosphorus, Potassium, Sulfur, Calcium, Magnesium Sodium, Zinc, Manganese, Copper, Iron and Molybdenum of Botanical Materials",,2026-04-02T12:00:00Z,2026-04-07T12:00:00Z,UoM corrected from % to mg/kg per WERA B-4.25,Analyte not listed in Reference
PLANT,,L_MODV2_PLANT_SE_004,selenium,SE,"Microwave-Assisted Acid Digestion, Closed Vessel","HNO3, H2O2",Varies,m/m,,ICP-OES,MEASURED,%,OFFICIAL,VALID,SPAC,"Kalra, Y. P. (ed.). (1998). Handbook of Reference Methods for Plant Analysis. Ch. 8. Microwave Digestion of Plant Tissue in a Closed Vessel and Ch. 21 Elemental Determination by Inductively Coupled Plasma Atomic Emission Spectroscopy. Taylor & Francis Group.",https://www.google.com/books/edition/Handbook_of_Reference_Methods_for_Plant/wLggXPmhY18C?hl=en&gbpv=0,2026-04-02T12:00:00Z,,,Analyte not listed in Reference
PLANT,,L_MODV2_PLANT_SE_005,selenium,SE,"Acid Wet Digestion, Open Vessel w/ Hydride Generation","HNO3, HClO4",Direct,m/m,,HG-AAS,MEASURED,%,OFFICIAL,VALID,SPAC,"Kalra, Y. P. (ed.). (1998). Handbook of Reference Methods for Plant Analysis. Ch. 23. Determination of Arsenic and Mercury in Plant Tissue . Taylor & Francis Group .",https://www.google.com/books/edition/Handbook_of_Reference_Methods_for_Plant/wLggXPmhY18C?hl=en&gbpv=0,2026-04-02T12:00:00Z,,,
PLANT,B-SE.11.04,L_MODV2_PLANT_SE_006,selenium,SE,"Acid Wet Digestion, Open Vessel","HNO3, HClO4",,,,"ICP-OES, AAS",MEASURED,mg/kg,OFFICIAL,VALID,SPAC,"Kalra, Y. P. (ed.). (1998). Handbook of Reference Methods for Plant Analysis. Ch. 23 Determination of Arsenic and Mercury in Plant Tissue; Ch. 21 Elemental Determination by Inductively Coupled Plasma Atomic Emission Spectroscopy, and Ch. 20. Elemental Determination by Atomic Absorpotion  Spectophotometry. Taylor & Francis Group .",https://www.google.com/books/edition/Handbook_of_Reference_Methods_for_Plant/wLggXPmhY18C?hl=en&gbpv=0,2026-04-02T12:00:00Z,2026-04-07T12:00:00Z,UoM corrected to mg/kg per Kalra 1998 Ch.22 (0.02 mg Se/kg detection limit) and Ch.23 Se modification,
PLANT,,L_MODV2_PLANT_SE_007,selenium,SE,Energy Dispersive X-Ray Fluorescence (ED-XRF),,,,,ED-XRF Instrument,MEASURED,%,OFFICIAL,VALID,,"de Carvalho, G.G. Arantes, M.B. Guerra, A. Adame, C.S. Nomura, P.V. Oliveira, H.W.P. de Carvalho, D. Santos, L.C. Nunes, and F.J. Krug. ""Recent advances in LIBS and XRF for the analysis of plants."" Journal of Analytical Atomic Spectrometry 33, no. 6 (2018): 919-944.",,2026-04-02T12:00:00Z,,,
PLANT,,L_MODV2_PLANT_SE_008,selenium,SE,"Microwave-Assisted Acid Digestion, Closed Vessel","HNO3, H2O2, NaOH",Varies,m/m,,ICP-OES,MEASURED,%,OFFICIAL,VALID,WEPAL,"Mireille Asanzi Mvondo-She (2021) A Method for Silicon Analysis in Citrusand Horticulture Leaf Tissue, Communications in Soil Science and Plant Analysis, 52:18, 2089-2097, DOI: 10.1080/00103624.2021.1908329",,2026-04-02T12:00:00Z,,,
PLANT,,L_MODV2_PLANT_SI_001,silicon,SI,Energy Dispersive X-Ray Fluorescence (ED-XRF),,,,,ED-XRF Instrument,MEASURED,%,OFFICIAL,VALID,,"de Carvalho, G.G. Arantes, M.B. Guerra, A. Adame, C.S. Nomura, P.V. Oliveira, H.W.P. de Carvalho, D. Santos, L.C. Nunes, and F.J. Krug. ""Recent advances in LIBS and XRF for the analysis of plants."" Journal of Analytical Atomic Spectrometry 33, no. 6 (2018): 919-944.",,2026-04-02T12:00:00Z,,,
PLANT,,L_MODV2_PLANT_SI_002,silicon,SI,Laser Induced Breakdown Spectroscopy (LIBS),,Direct,m/m,,LIBS Instrument,MEASURED,%,OFFICIAL,VALID,,"de Carvalho, G.G. Arantes, M.B. Guerra, A. Adame, C.S. Nomura, P.V. Oliveira, H.W.P. de Carvalho, D. Santos, L.C. Nunes, and F.J. Krug. ""Recent advances in LIBS and XRF for the analysis of plants."" Journal of Analytical Atomic Spectrometry 33, no. 6 (2018): 919-944.",,2026-04-02T12:00:00Z,,,
PLANT,,L_MODV2_PLANT_NA_001,sodium,NA,"Microwave-Assisted Acid Digestion, Closed Vessel","HNO3, H2O2",Direct,m/m,,"ICP-OES, AAS",MEASURED,%,OFFICIAL,VALID,SPAC,"Kalra, Y. P. (ed.). (1998). Handbook of Reference Methods for Plant Analysis. Ch. 8. Microwave Digestion of Plant Tissue in a Closed Vessel and Ch. 20. Elemental Determination by Atomic Absorpotion  Spectophotometry or Ch. 21 Elemental Determination by Inductively Coupled Plasma Atomic Emission Spectroscopy. Taylor & Francis Group .",https://www.google.com/books/edition/Handbook_of_Reference_Methods_for_Plant/wLggXPmhY18C?hl=en&gbpv=0,2026-04-02T12:00:00Z,,,
PLANT,,L_MODV2_PLANT_NA_002,sodium,NA,"Microwave-Assisted Acid Digestion, Open Vessel","HNO3, HCl, H2O2",Varies,m/m,,"ICP-OES, AAS",MEASURED,%,OFFICIAL,VALID,SPAC,"Kalra, Y. P. (ed.). (1998). Handbook of Reference Methods for Plant Analysis. Ch. 7. Microwave Digestion of Plant Tissue in an Open Vessel and Ch. 21 Elemental Determination by Inductively Coupled Plasma Atomic Emission Spectroscopy. Taylor & Francis Group, and Ch. 20. Elemental Determination by Atomic Absorpotion  Spectophotometry. Taylor & Francis Group .",https://www.google.com/books/edition/Handbook_of_Reference_Methods_for_Plant/wLggXPmhY18C?hl=en&gbpv=0,2026-04-02T12:00:00Z,,,
PLANT,,L_MODV2_PLANT_NA_003,sodium,NA,"Acid Wet Digestion, Open Vessel","HNO3, HClO4",Varies,m/m,,"ICP-OES, AAS",MEASURED,%,OFFICIAL,VALID,SPAC,"Kalra, Y. P. (ed.). (1998). Handbook of Reference Methods for Plant Analysis. Ch. 6 Nitric-Perchloric Acid Wet Digestion in an Open Vessel; Ch. 21 Elemental Determination by Inductively Coupled Plasma Atomic Emission Spectroscopy, and Ch. 20. Elemental Determination by Atomic Absorpotion  Spectophotometry. Taylor & Francis Group .",https://www.google.com/books/edition/Handbook_of_Reference_Methods_for_Plant/wLggXPmhY18C?hl=en&gbpv=0,2026-04-02T12:00:00Z,,,
PLANT,,L_MODV2_PLANT_NA_004,sodium,NA,Muffle Furnace Dry Ashing,HCl,Direct,m/m,,"ICP-OES, AAS",MEASURED,%,OFFICIAL,VALID,SPAC,"Kalra, Y. P. (ed.). (1998). Handbook of Reference Methods for Plant Analysis. Ch. 5 High-Temperature Oxidation: Dry Ashing, Ch. 21 Elemental Determination by Inductively Coupled Plasma Atomic Emission Spectroscopy,and Ch. 20. Elemental Determination by Atomic Absorpotion  Spectophotometry. Taylor & Francis Group .",https://www.google.com/books/edition/Handbook_of_Reference_Methods_for_Plant/wLggXPmhY18C?hl=en&gbpv=0,2026-04-02T12:00:00Z,,,
PLANT,,L_MODV2_PLANT_NA_005,sodium,NA,Energy Dispersive X-Ray Fluorescence (ED-XRF),,,,,ED-XRF Instrument,MEASURED,%,OFFICIAL,VALID,,"de Carvalho, G.G. Arantes, M.B. Guerra, A. Adame, C.S. Nomura, P.V. Oliveira, H.W.P. de Carvalho, D. Santos, L.C. Nunes, and F.J. Krug. ""Recent advances in LIBS and XRF for the analysis of plants."" Journal of Analytical Atomic Spectrometry 33, no. 6 (2018): 919-944.",,2026-04-02T12:00:00Z,,,
PLANT,,L_MODV2_PLANT_NA_006,sodium,NA,Laser Induced Breakdown Spectroscopy (LIBS),,Direct,m/m,,LIBS Instrument,MEASURED,%,OFFICIAL,VALID,,"de Carvalho, G.G. Arantes, M.B. Guerra, A. Adame, C.S. Nomura, P.V. Oliveira, H.W.P. de Carvalho, D. Santos, L.C. Nunes, and F.J. Krug. ""Recent advances in LIBS and XRF for the analysis of plants."" Journal of Analytical Atomic Spectrometry 33, no. 6 (2018): 919-944.",,2026-04-02T12:00:00Z,,,
PLANT,,L_MODV2_PLANT_NA_007,sodium,NA,"Acid Wet Digestion, Open Vessel","HNO3, H2O2",Varies,m/m,,"ICP-OES, AAS",MEASURED,%,OFFICIAL,VALID,WEPAL,"Mireille Asanzi Mvondo-She (2021) A Method for Silicon Analysis in Citrusand Horticulture Leaf Tissue, Communications in Soil Science and Plant Analysis, 52:18, 2089-2097, DOI: 10.1080/00103624.2021.1908329",,2026-04-02T12:00:00Z,,,
PLANT,,L_MODV2_PLANT_SOLIDS_FIXED_001,"solids, fixed",SOLIDS_FIXED,"Muffle Furnace Dry Ashing, 550 C",,Varies,m/m,,Gravimetric,MEASURED,%,OFFICIAL,VALID,"APHA, AWWA, WEF","Standard Methods Committee of the American Public Health Association, American Water Works Association, and Water Environment Federation. (2017). Method 2540 G. Total, fixed, and volatile solids in solid and semisolid samples. In: Standard methods for the examination of water and wastewater. 23rd edition. Lipps WC, Baxter TE, Braun-Howland E, eds. APHA Press.",,2026-04-02T12:00:00Z,,,
PLANT,B-ASH.03,L_MODV2_PLANT_DM_001,dry matter,DM,Oven Drying,105 C,,,,Gravimetric,MEASURED,%,OFFICIAL,VALID,WERA-103,"Soil, Plant and Water Reference Methods for the Western Region, 2013, WERA-103. Method B-1.10. Determination of Dry Matter Content of Botanical Materials",,2026-04-02T12:00:00Z,2026-04-28T12:00:00Z,"Analyte renamed from solids, total to dry matter; analyte code updated from SOLIDS to DM",
PLANT,,L_MODV2_PLANT_SOLID_VOLATILE_001,"solids, volatile",SOLID_VOLATILE,"Muffle Furnace Dry Ashing, 550 C",,Varies,m/m,,Gravimetric,MEASURED,%,OFFICIAL,VALID,"APHA, AWWA, WEF","Standard Methods Committee of the American Public Health Association, American Water Works Association, and Water Environment Federation. (2017). Method 2540 G. Total, fixed, and volatile solids in solid and semisolid samples. In: Standard methods for the examination of water and wastewater. 23rd edition. Lipps WC, Baxter TE, Braun-Howland E, eds. APHA Press.",,2026-04-02T12:00:00Z,,,
PLANT,,L_MODV2_PLANT_SR_001,strontium,SR,"Acid Wet Digestion, Open Vessel","HNO3, H2O2",,,,"ICP-OES, AAS",MEASURED,mg/kg,OFFICIAL,VALID,WERA-103,"Soil, Plant and Water Reference Methods for the Western Region, 2013, WERA-103. Method B-4.25. Phosphorus, Potassium, Sulfur, Calcium, Magnesium Sodium, Zinc, Manganese, Copper, Iron and Molybdenum of Botanical Materials",,2026-04-02T12:00:00Z,2026-04-07T12:00:00Z,UoM corrected from ratio to mg/kg per WERA B-4.25 Comment 8: Sr explicit trace metal → mg/kg,
PLANT,B-SR.10.04,L_MODV2_PLANT_SR_002,strontium,SR,"Microwave-Assisted Acid Digestion, Closed Vessel","HNO3, H2O2",Varies,m/m,,ICP-OES,MEASURED,%,OFFICIAL,VALID,SPAC,"Kalra, Y. P. (ed.). (1998). Handbook of Reference Methods for Plant Analysis. Ch. 8. Microwave Digestion of Plant Tissue in a Closed Vessel and Ch. 21 Elemental Determination by Inductively Coupled Plasma Atomic Emission Spectroscopy. Taylor & Francis Group.",https://www.google.com/books/edition/Handbook_of_Reference_Methods_for_Plant/wLggXPmhY18C?hl=en&gbpv=0,2026-04-02T12:00:00Z,,,
PLANT,B-SO4.01.03,L_MODV2_PLANT_SO4S_001,sulfate-sulfur,SO4S,Acetic Acid,2% acetic acid,Varies,m/m,,Spectrophotometric,MEASURED,%,OFFICIAL,VALID,SPAC,"Kalra, Y. P. (ed.). (1998). Handbook of Reference Methods for Plant Analysis. Ch. 15. Extractable Chloride, Nitrate, Orthophosphate, Potassium, and Sulfate-Sulfur in Plant Tissue: 2% Acetic Acid Extraction. Taylor & Francis Group.",https://www.google.com/books/edition/Handbook_of_Reference_Methods_for_Plant/wLggXPmhY18C?hl=en&gbpv=0,2026-04-02T12:00:00Z,,,
PLANT,,L_MODV2_PLANT_S_001,sulfur,S,"Acid Wet Digestion, Open Vessel","HNO3, H2O2",,,,"ICP-OES, AAS",MEASURED,%,OFFICIAL,VALID,WERA-103,"Soil, Plant and Water Reference Methods for the Western Region, 2013, WERA-103. Method B-4.25. Phosphorus, Potassium, Sulfur, Calcium, Magnesium Sodium, Zinc, Manganese, Copper, Iron and Molybdenum of Botanical Materials",,2026-04-02T12:00:00Z,2026-04-07T12:00:00Z,"UoM corrected from ratio to % per WERA B-4.25 Calculations: P,K,S,Ca,Mg,Na → % nearest 0.001%",
PLANT,,L_MODV2_PLANT_S_002,sulfur,S,"Microwave-Assisted Acid Digestion, Closed Vessel","HNO3, H2O2",Varies,m/m,,ICP-OES,MEASURED,%,OFFICIAL,VALID,SPAC,"Kalra, Y. P. (ed.). (1998). Handbook of Reference Methods for Plant Analysis. Ch. 8. Microwave Digestion of Plant Tissue in a Closed Vessel and Ch. 21 Elemental Determination by Inductively Coupled Plasma Atomic Emission Spectroscopy. Taylor & Francis Group.",https://www.google.com/books/edition/Handbook_of_Reference_Methods_for_Plant/wLggXPmhY18C?hl=en&gbpv=0,2026-04-02T12:00:00Z,,,
PLANT,,L_MODV2_PLANT_S_003,sulfur,S,"Microwave-Assisted Acid Digestion, Open Vessel","HNO3, H2O2, HCl",Varies,m/m,,"ICP-OES, AAS",MEASURED,%,OFFICIAL,VALID,SPAC,"Kalra, Y. P. (ed.). (1998). Handbook of Reference Methods for Plant Analysis. Ch. 7. Microwave Digestion of Plant Tissue in an Open Vessel and Ch. 21 Elemental Determination by Inductively Coupled Plasma Atomic Emission Spectroscopy. Taylor & Francis Group, and Ch. 20. Elemental Determination by Atomic Absorpotion  Spectophotometry. Taylor & Francis Group .",https://www.google.com/books/edition/Handbook_of_Reference_Methods_for_Plant/wLggXPmhY18C?hl=en&gbpv=0,2026-04-02T12:00:00Z,,,
PLANT,,L_MODV2_PLANT_S_004,sulfur,S,"Acid Wet Digestion, Open Vessel","HNO3, HClO4",Varies,m/m,,"ICP-OES, AAS",MEASURED,%,OFFICIAL,VALID,SPAC,"Kalra, Y. P. (ed.). (1998). Handbook of Reference Methods for Plant Analysis. Ch. 6 Nitric-Perchloric Acid Wet Digestion in an Open Vessel; Ch. 21 Elemental Determination by Inductively Coupled Plasma Atomic Emission Spectroscopy, and Ch. 20. Elemental Determination by Atomic Absorpotion  Spectophotometry. Taylor & Francis Group .",https://www.google.com/books/edition/Handbook_of_Reference_Methods_for_Plant/wLggXPmhY18C?hl=en&gbpv=0,2026-04-02T12:00:00Z,,,
PLANT,,L_MODV2_PLANT_S_005,sulfur,S,Energy Dispersive X-Ray Fluorescence (ED-XRF),,,,,ED-XRF Instrument,MEASURED,%,OFFICIAL,VALID,,"de Carvalho, G.G. Arantes, M.B. Guerra, A. Adame, C.S. Nomura, P.V. Oliveira, H.W.P. de Carvalho, D. Santos, L.C. Nunes, and F.J. Krug. ""Recent advances in LIBS and XRF for the analysis of plants."" Journal of Analytical Atomic Spectrometry 33, no. 6 (2018): 919-944.",,2026-04-02T12:00:00Z,,,
PLANT,,L_MODV2_PLANT_S_006,sulfur,S,Laser Induced Breakdown Spectroscopy (LIBS),,Direct,m/m,,LIBS Instrument,MEASURED,%,OFFICIAL,VALID,,"de Carvalho, G.G. Arantes, M.B. Guerra, A. Adame, C.S. Nomura, P.V. Oliveira, H.W.P. de Carvalho, D. Santos, L.C. Nunes, and F.J. Krug. ""Recent advances in LIBS and XRF for the analysis of plants."" Journal of Analytical Atomic Spectrometry 33, no. 6 (2018): 919-944.",,2026-04-02T12:00:00Z,,,
PLANT,,L_MODV2_PLANT_S_007,sulfur,S,wet ash,,,,,Turbidimetric,MEASURED,mg/kg,PROVISIONAL,RETIRED,,,,2026-04-02T12:00:00Z,,,sample size (0.5g) detection limit (0.1)
PLANT,B-TS.03,L_MODV2_PLANT_S_008,sulfur,S,Oxygen Combustion,O2,Varies,m/m,,Thermal Conductivity,MEASURED,%,OFFICIAL,VALID,WERA-103,"Soil, Plant and Water Reference Methods for the Western Region, 2013, WERA-103. Method B-2.30. Total Sulfur automated combustion",,2026-04-02T12:00:00Z,,,
PLANT,,L_MODV2_PLANT_V_001,vanadium,V,"Acid Wet Digestion, Open Vessel","HNO3, H2O2",,,,"ICP-OES, AAS",MEASURED,mg/kg,OFFICIAL,VALID,WERA-103,"Soil, Plant and Water Reference Methods for the Western Region, 2013, WERA-103. Method B-4.25. Phosphorus, Potassium, Sulfur, Calcium, Magnesium Sodium, Zinc, Manganese, Copper, Iron and Molybdenum of Botanical Materials",,2026-04-02T12:00:00Z,2026-04-07T12:00:00Z,UoM corrected from kg/ha to mg/kg per WERA B-4.25,Analyte not listed in Reference
PLANT,,L_MODV2_PLANT_V_002,vanadium,V,"Microwave-Assisted Acid Digestion, Closed Vessel","HNO3, H2O2",Varies,m/m,,ICP-OES,MEASURED,%,OFFICIAL,VALID,SPAC,"Kalra, Y. P. (ed.). (1998). Handbook of Reference Methods for Plant Analysis. Ch. 8. Microwave Digestion of Plant Tissue in a Closed Vessel and Ch. 21 Elemental Determination by Inductively Coupled Plasma Atomic Emission Spectroscopy. Taylor & Francis Group.",https://www.google.com/books/edition/Handbook_of_Reference_Methods_for_Plant/wLggXPmhY18C?hl=en&gbpv=0,2026-04-02T12:00:00Z,,,Analyte not listed in Reference
PLANT,,L_MODV2_PLANT_V_003,vanadium,V,Energy Dispersive X-Ray Fluorescence (ED-XRF),,,,,ED-XRF Instrument,MEASURED,%,OFFICIAL,VALID,,"de Carvalho, G.G. Arantes, M.B. Guerra, A. Adame, C.S. Nomura, P.V. Oliveira, H.W.P. de Carvalho, D. Santos, L.C. Nunes, and F.J. Krug. ""Recent advances in LIBS and XRF for the analysis of plants."" Journal of Analytical Atomic Spectrometry 33, no. 6 (2018): 919-944.",,2026-04-02T12:00:00Z,,,
PLANT,,L_MODV2_PLANT_SAMPLE_WET_001,"sample weight, wet",SAMPLE_WET,sample weight as received,,Direct,,,Gravimetric,MEASURED,mg,OFFICIAL,VALID,,,,2026-04-02T12:00:00Z,,,
PLANT,,L_MODV2_PLANT_ZN_001,zinc,ZN,"Acid Wet Digestion, Open Vessel","HNO3, H2O2",Varies,m/m,,"ICP-OES, AAS",MEASURED,mg/kg,OFFICIAL,VALID,WERA-103,"Soil, Plant and Water Reference Methods for the Western Region, 2013, WERA-103. Method B-4.25. Phosphorus, Potassium, Sulfur, Calcium, Magnesium Sodium, Zinc, Manganese, Copper, Iron and Molybdenum of Botanical Materials",,2026-04-02T12:00:00Z,2026-04-07T12:00:00Z,"UoM corrected from % to mg/kg per WERA B-4.25 Calculations: Zn, Cu → mg/kg nearest 0.1",
PLANT,,L_MODV2_PLANT_ZN_002,zinc,ZN,"Microwave-Assisted Acid Digestion, Closed Vessel","HNO3, H2O2",Direct,m/m,,"ICP-OES, AAS",MEASURED,%,OFFICIAL,VALID,SPAC,"Kalra, Y. P. (ed.). (1998). Handbook of Reference Methods for Plant Analysis. Ch. 8. Microwave Digestion of Plant Tissue in a Closed Vessel and Ch. 20. Elemental Determination by Atomic Absorpotion  Spectophotometry or Ch. 21 Elemental Determination by Inductively Coupled Plasma Atomic Emission Spectroscopy. Taylor & Francis Group .",https://www.google.com/books/edition/Handbook_of_Reference_Methods_for_Plant/wLggXPmhY18C?hl=en&gbpv=0,2026-04-02T12:00:00Z,,,
PLANT,,L_MODV2_PLANT_ZN_003,zinc,ZN,"Microwave-Assisted Acid Digestion, Open Vessel","HNO3, HCl, H2O2",Varies,m/m,,"ICP-OES, AAS",MEASURED,%,OFFICIAL,VALID,SPAC,"Kalra, Y. P. (ed.). (1998). Handbook of Reference Methods for Plant Analysis. Ch. 7. Microwave Digestion of Plant Tissue in an Open Vessel and Ch. 21 Elemental Determination by Inductively Coupled Plasma Atomic Emission Spectroscopy. Taylor & Francis Group, and Ch. 20. Elemental Determination by Atomic Absorpotion  Spectophotometry. Taylor & Francis Group .",https://www.google.com/books/edition/Handbook_of_Reference_Methods_for_Plant/wLggXPmhY18C?hl=en&gbpv=0,2026-04-02T12:00:00Z,,,
PLANT,,L_MODV2_PLANT_ZN_004,zinc,ZN,"Acid Wet Digestion, Open Vessel","HNO3, HClO4",,,,"ICP-OES, AAS",MEASURED,mg/kg,OFFICIAL,VALID,SPAC,"Kalra, Y. P. (ed.). (1998). Handbook of Reference Methods for Plant Analysis. Ch. 6 Nitric-Perchloric Acid Wet Digestion in an Open Vessel; Ch. 21 Elemental Determination by Inductively Coupled Plasma Atomic Emission Spectroscopy, and Ch. 20. Elemental Determination by Atomic Absorpotion  Spectophotometry. Taylor & Francis Group .",https://www.google.com/books/edition/Handbook_of_Reference_Methods_for_Plant/wLggXPmhY18C?hl=en&gbpv=0,2026-04-02T12:00:00Z,2026-04-07T12:00:00Z,UoM corrected from kg/ha to mg/kg per Kalra 1998 Ch.6 trace element (Zn) calculation formula,
PLANT,,L_MODV2_PLANT_ZN_005,zinc,ZN,Muffle Furnace Dry Ashing,HCl,Direct,m/m,,"ICP-OES, AAS",MEASURED,%,OFFICIAL,VALID,SPAC,"Kalra, Y. P. (ed.). (1998). Handbook of Reference Methods for Plant Analysis. Ch. 5 High-Temperature Oxidation: Dry Ashing, Ch. 21 Elemental Determination by Inductively Coupled Plasma Atomic Emission Spectroscopy,and Ch. 20. Elemental Determination by Atomic Absorpotion  Spectophotometry. Taylor & Francis Group .",https://www.google.com/books/edition/Handbook_of_Reference_Methods_for_Plant/wLggXPmhY18C?hl=en&gbpv=0,2026-04-02T12:00:00Z,,,
PLANT,,L_MODV2_PLANT_ZN_006,zinc,ZN,Energy Dispersive X-Ray Fluorescence (ED-XRF),,,,,ED-XRF Instrument,MEASURED,%,OFFICIAL,VALID,,"de Carvalho, G.G. Arantes, M.B. Guerra, A. Adame, C.S. Nomura, P.V. Oliveira, H.W.P. de Carvalho, D. Santos, L.C. Nunes, and F.J. Krug. ""Recent advances in LIBS and XRF for the analysis of plants."" Journal of Analytical Atomic Spectrometry 33, no. 6 (2018): 919-944.",,2026-04-02T12:00:00Z,,,
PLANT,,L_MODV2_PLANT_ZN_007,zinc,ZN,Laser Induced Breakdown Spectroscopy (LIBS),,Direct,m/m,,LIBS Instrument,MEASURED,%,OFFICIAL,VALID,,"de Carvalho, G.G. Arantes, M.B. Guerra, A. Adame, C.S. Nomura, P.V. Oliveira, H.W.P. de Carvalho, D. Santos, L.C. Nunes, and F.J. Krug. ""Recent advances in LIBS and XRF for the analysis of plants."" Journal of Analytical Atomic Spectrometry 33, no. 6 (2018): 919-944.",,2026-04-02T12:00:00Z,,,
