Matrix,V2 Code,Analyte,Analyte Code,Common Method Name,Extraction reagents/formulation,Extraction Ratio,Extraction Basis,Extraction Time,Analyte Measurement Method,Observation Category,Reporting Unit,UoM Code,QUDT Code,QUDT URI,Citation Organization,Citation,Citation Link,Acceptance,Status,Row Added Date,Row Changed Date,Change Comment,Notes
MANURE,L_MODV2_MANURE_5DAYGERM_001,5 day germination,5DAYGERM,,,,,,,,,,,,,,,EXPERIMENTAL,RETIRED,2024-11-05T12:00:00Z,,,
MANURE,L_MODV2_MANURE_7DAYVIGOR_001,7 day vigor,7DAYVIGOR,,,,,,,,,,,,,,,EXPERIMENTAL,RETIRED,2024-11-05T12:00:00Z,,,
MANURE,L_MODV2_MANURE_NH3N_001,ammonia-nitrogen,NH3N,Water,Steam distillation,Varies,As Received,,Spectrophotometric,MEASURED,%,prcnt,PERCENT,http://qudt.org/vocab/unit/PERCENT,,,,EXPERIMENTAL,RETIRED,2024-11-05T12:00:00Z,,,
MANURE,L_MODV2_MANURE_NH3N_002,ammonia-nitrogen,NH3N,Water,Steam distillation,Varies,As Received,,Titration,MEASURED,%,prcnt,PERCENT,http://qudt.org/vocab/unit/PERCENT,,,,EXPERIMENTAL,RETIRED,2024-11-05T12:00:00Z,,,
MANURE,L_MODV2_MANURE_NH3N_003,ammonia-nitrogen,NH3N,Water,Steam distillation,Varies,As Received,,ISE,MEASURED,%,prcnt,PERCENT,http://qudt.org/vocab/unit/PERCENT,,,,EXPERIMENTAL,RETIRED,2024-11-05T12:00:00Z,2026-04-03T12:00:00Z,2026-04-03: Terminology and chemical naming standardization pass.,
MANURE,L_MODV2_MANURE_NH4N_001,ammonium-nitrogen,NH4N,Water,Deionized Water,Varies,As Received,20 min,ISE,MEASURED,%,prcnt,PERCENT,http://qudt.org/vocab/unit/PERCENT,MN-DA (Minnesota Department of Agriculture),"Recommended Methods of Manure Analysis, 2nd Edition, M-4.1",,OFFICIAL,RETIRED,2024-11-05T12:00:00Z,2026-04-03T12:00:00Z,RETIRED: ISE method requires NaOH treatment; NH4N_004 (ISE + NaOH) is the correct entry | 2026-04-03: Terminology and chemical naming standardization pass.,
MANURE,L_MODV2_MANURE_NH4N_002,ammonium-nitrogen,NH4N,Potassium chloride,Acidified 1.0 M KCl,Varies,As Received,30 min,Diffusion Conductivity,MEASURED,%,prcnt,PERCENT,http://qudt.org/vocab/unit/PERCENT,MN-DA (Minnesota Department of Agriculture),"Recommended Methods of Manure Analysis, 2nd Edition, M-4.2",,OFFICIAL,VALID,2024-11-05T12:00:00Z,,,
MANURE,L_MODV2_MANURE_NH4N_003,ammonium-nitrogen,NH4N,Sodium Hydroxide,10 M NaOH,Varies,As Received,30 min,Titration,MEASURED,%,prcnt,PERCENT,http://qudt.org/vocab/unit/PERCENT,MN-DA (Minnesota Department of Agriculture),"Recommended Methods of Manure Analysis, 2nd Edition, M-4.2",,OFFICIAL,RETIRED,2024-11-05T12:00:00Z,2026-04-03T12:00:00Z,RETIRED: Titration method not used in practice | 2026-04-03: Terminology and chemical naming standardization pass.,
MANURE,L_MODV2_MANURE_NH4N_004,ammonium-nitrogen,NH4N,Sodium Hydroxide,10 M NaOH,Varies,As Received,20 min,ISE,MEASURED,%,prcnt,PERCENT,http://qudt.org/vocab/unit/PERCENT,MN-DA (Minnesota Department of Agriculture),"Recommended Methods of Manure Analysis, 2nd Edition, M-4.1",,OFFICIAL,VALID,2024-11-05T12:00:00Z,2026-04-03T12:00:00Z,2026-04-03: Terminology and chemical naming standardization pass.,
MANURE,L_MODV2_MANURE_NH4N_005,ammonium-nitrogen,NH4N,Water,Acidified 1.0 M KCl,Varies,As Received,30 min,Titration,MEASURED,%,prcnt,PERCENT,http://qudt.org/vocab/unit/PERCENT,MN-DA (Minnesota Department of Agriculture),"Recommended Methods of Manure Analysis, 2nd Edition, M-4.3",,OFFICIAL,RETIRED,2024-11-05T12:00:00Z,2026-04-02T12:00:00Z,RETIRED: Titration method not used in practice,
MANURE,L_MODV2_MANURE_NH4N_006,ammonium-nitrogen,NH4N,Potassium chloride,Acidified 1.0 M KCl,Varies,As Received,30 min,Spectrophotometric,MEASURED,%,prcnt,PERCENT,http://qudt.org/vocab/unit/PERCENT,MN-DA (Minnesota Department of Agriculture),"Recommended Methods of Manure Analysis, 2nd Edition, M-4.2",,OFFICIAL,VALID,2024-11-05T12:00:00Z,,,
MANURE,L_MODV2_MANURE_NH4N_007,ammonium-nitrogen,NH4N,Potassium Chloride,1.0 M KCl,Varies,As Received,Varies,Distillation,MEASURED,%,prcnt,PERCENT,http://qudt.org/vocab/unit/PERCENT,,,,OFFICIAL,CANDIDATE,2026-04-02T12:00:00Z,,New method added,New method: KCl extraction + steam distillation for NH4-N in manure
MANURE,L_MODV2_MANURE_AS_001,arsenic,AS,"Microwave-Assisted Acid Digestion, Closed Vessel",HNO3,Varies,As Received,Varies,ICP-OES,MEASURED,mg/kg,mg1kg-1,MilliGM-PER-KiloGM,http://qudt.org/vocab/unit/MilliGM-PER-KiloGM,MN-DA (Minnesota Department of Agriculture),"Recommended Methods of Manure Analysis, 2nd Edition, Methods M-5.1a, M-5.2",,OFFICIAL,SUPERSEDED,2024-11-05T12:00:00Z,2026-04-02T12:00:00Z,"Mass-per-mass/ppm harmonization to percent; was mg/kg; Method name harmonized: ""Microwave Digestion Closed Vessel"" → ""Microwave-Assisted Acid Digestion, Closed Vessel""; Reagent abbreviation: ""Nitric acid"" → ""HNO3""",
MANURE,L_MODV2_MANURE_AS_002,arsenic,AS,"Microwave-Assisted Acid Digestion, Closed Vessel",HNO3,Varies,As Received,Varies,ICP-OES,MEASURED,%,prcnt,PERCENT,http://qudt.org/vocab/unit/PERCENT,MN-DA (Minnesota Department of Agriculture),"Recommended Methods of Manure Analysis, 2nd Edition, Methods M-5.1a, M-5.2",,OFFICIAL,CANDIDATE,2026-04-02T12:00:00Z,2026-04-02T12:00:00Z,"Mass-per-mass/ppm harmonization to percent; was mg/kg; Method name harmonized: ""Microwave Digestion Closed Vessel"" → ""Microwave-Assisted Acid Digestion, Closed Vessel""; Reagent abbreviation: ""Nitric acid"" → ""HNO3""",
MANURE,L_MODV2_MANURE_BA_001,barium,BA,"Microwave-Assisted Acid Digestion, Open Vessel","HNO3, HCl, H2O2",Varies,As Received,Varies,ICP-OES,MEASURED,%,prcnt,PERCENT,http://qudt.org/vocab/unit/PERCENT,,,,OFFICIAL,CANDIDATE,2026-04-02T12:00:00Z,,New method added,"New analyte: barium in manure, microwave open vessel"
MANURE,L_MODV2_MANURE_BA_002,barium,BA,Open Vessel Hot Plate Digestion,"HNO3, HClO4",Varies,As Received,Varies,ICP-OES,MEASURED,%,prcnt,PERCENT,http://qudt.org/vocab/unit/PERCENT,,,,OFFICIAL,CANDIDATE,2026-04-02T12:00:00Z,,New method added,"New analyte: barium in manure, open vessel hot plate"
MANURE,L_MODV2_MANURE_B_001,boron,B,Nitric-Perchloric Acid Digestion,"HNO3, HClO4",Varies,As Received,Varies,ICP-OES,MEASURED,mg/kg,mg1kg-1,MilliGM-PER-KiloGM,http://qudt.org/vocab/unit/MilliGM-PER-KiloGM,AOAC International,AOAC 935.13A,,OFFICIAL,SUPERSEDED,2024-11-05T12:00:00Z,2026-04-02T12:00:00Z,"Mass-per-mass/ppm harmonization to percent; was mg/kg; Reagent abbreviation: ""Nitric acid, perchloric acid"" → ""HNO3, HClO4""",
MANURE,L_MODV2_MANURE_B_002,boron,B,"Microwave-Assisted Acid Digestion, Open Vessel","HNO3, HCl, H2O2",Varies,As Received,Varies,ICP-OES,MEASURED,mg/kg,mg1kg-1,MilliGM-PER-KiloGM,http://qudt.org/vocab/unit/MilliGM-PER-KiloGM,MN-DA (Minnesota Department of Agriculture),"Recommended Methods of Manure Analysis, 2nd Edition, Methods M-5.1b, M-5.2",,OFFICIAL,SUPERSEDED,2024-11-05T12:00:00Z,2026-04-02T12:00:00Z,"Mass-per-mass/ppm harmonization to percent; was mg/kg; Method name harmonized: ""Microwave Digestion Open Vessel"" → ""Microwave-Assisted Acid Digestion, Open Vessel""; Reagent abbreviation: ""Nitric acid, hydrochloric acid, peroxide"" → ""HNO3, HCl, H2O2""",
MANURE,L_MODV2_MANURE_B_003,boron,B,"Microwave-Assisted Acid Digestion, Closed Vessel",HNO3,Varies,As Received,Varies,ICP-OES,MEASURED,mg/kg,mg1kg-1,MilliGM-PER-KiloGM,http://qudt.org/vocab/unit/MilliGM-PER-KiloGM,MN-DA (Minnesota Department of Agriculture),"Recommended Methods of Manure Analysis, 2nd Edition, Methods M-5.1a, M-5.2",,OFFICIAL,SUPERSEDED,2024-11-05T12:00:00Z,2026-04-02T12:00:00Z,"Mass-per-mass/ppm harmonization to percent; was mg/kg; Method name harmonized: ""Microwave Digestion Closed Vessel"" → ""Microwave-Assisted Acid Digestion, Closed Vessel""; Reagent abbreviation: ""Nitric acid"" → ""HNO3""",
MANURE,L_MODV2_MANURE_B_004,boron,B,Nitric-Perchloric Acid Digestion,"HNO3, HClO4",Varies,As Received,Varies,ICP-OES,MEASURED,%,prcnt,PERCENT,http://qudt.org/vocab/unit/PERCENT,AOAC International,AOAC 935.13A,,OFFICIAL,CANDIDATE,2026-04-02T12:00:00Z,2026-04-02T12:00:00Z,"Mass-per-mass/ppm harmonization to percent; was mg/kg; Reagent abbreviation: ""Nitric acid, perchloric acid"" → ""HNO3, HClO4""",
MANURE,L_MODV2_MANURE_B_005,boron,B,"Microwave-Assisted Acid Digestion, Open Vessel","HNO3, HCl, H2O2",Varies,As Received,Varies,ICP-OES,MEASURED,%,prcnt,PERCENT,http://qudt.org/vocab/unit/PERCENT,MN-DA (Minnesota Department of Agriculture),"Recommended Methods of Manure Analysis, 2nd Edition, Methods M-5.1b, M-5.2",,OFFICIAL,CANDIDATE,2026-04-02T12:00:00Z,2026-04-02T12:00:00Z,"Mass-per-mass/ppm harmonization to percent; was mg/kg; Method name harmonized: ""Microwave Digestion Open Vessel"" → ""Microwave-Assisted Acid Digestion, Open Vessel""; Reagent abbreviation: ""Nitric acid, hydrochloric acid, peroxide"" → ""HNO3, HCl, H2O2""",
MANURE,L_MODV2_MANURE_B_006,boron,B,"Microwave-Assisted Acid Digestion, Closed Vessel",HNO3,Varies,As Received,Varies,ICP-OES,MEASURED,%,prcnt,PERCENT,http://qudt.org/vocab/unit/PERCENT,MN-DA (Minnesota Department of Agriculture),"Recommended Methods of Manure Analysis, 2nd Edition, Methods M-5.1a, M-5.2",,OFFICIAL,CANDIDATE,2026-04-02T12:00:00Z,2026-04-02T12:00:00Z,"Mass-per-mass/ppm harmonization to percent; was mg/kg; Method name harmonized: ""Microwave Digestion Closed Vessel"" → ""Microwave-Assisted Acid Digestion, Closed Vessel""; Reagent abbreviation: ""Nitric acid"" → ""HNO3""",
MANURE,L_MODV2_MANURE_BD_001,bulk density,BD,,,,,,Gravimetric,,g/cm3,g1[cm3]-1,GM-PER-CentiM3,http://qudt.org/vocab/unit/GM-PER-CentiM3,,,,EXPERIMENTAL,RETIRED,2024-11-05T12:00:00Z,,,
MANURE,L_MODV2_MANURE_CNRATIO_001,C:N ratio,CNRATIO,Dry Combustion,O2,,Dry Basis,Varies,Combustion Analyzer,MEASURED,%,prcnt,PERCENT,http://qudt.org/vocab/unit/PERCENT,MN-DA (Minnesota Department of Agriculture),"Recommended Methods of Manure Analysis, 2nd Edition, Methods M-2.1",,OFFICIAL,VALID,2024-11-05T12:00:00Z,2026-04-03T12:00:00Z,"Combustion method renamed: ""Combustion"" → ""Dry Combustion"" | 2026-04-03: Terminology harmonization — cross-matrix consistency pass.",
MANURE,L_MODV2_MANURE_CD_001,cadmium,CD,"Microwave-Assisted Acid Digestion, Open Vessel","HNO3, HCl, H2O2",Varies,As Received,Varies,ICP-OES,MEASURED,mg/kg,mg1kg-1,MilliGM-PER-KiloGM,http://qudt.org/vocab/unit/MilliGM-PER-KiloGM,MN-DA (Minnesota Department of Agriculture),"Recommended Methods of Manure Analysis, 2nd Edition, Methods M-5.1b, M-5.2",,OFFICIAL,SUPERSEDED,2024-11-05T12:00:00Z,2026-04-02T12:00:00Z,"Mass-per-mass/ppm harmonization to percent; was mg/kg; Method name harmonized: ""Microwave Digestion Open Vessel"" → ""Microwave-Assisted Acid Digestion, Open Vessel""; Reagent abbreviation: ""Nitric acid, hydrochloric acid, peroxide"" → ""HNO3, HCl, H2O2""",
MANURE,L_MODV2_MANURE_CD_002,cadmium,CD,"Microwave-Assisted Acid Digestion, Open Vessel","HNO3, HCl, H2O2",Varies,As Received,Varies,ICP-OES,MEASURED,%,prcnt,PERCENT,http://qudt.org/vocab/unit/PERCENT,MN-DA (Minnesota Department of Agriculture),"Recommended Methods of Manure Analysis, 2nd Edition, Methods M-5.1b, M-5.2",,OFFICIAL,CANDIDATE,2026-04-02T12:00:00Z,2026-04-02T12:00:00Z,"Mass-per-mass/ppm harmonization to percent; was mg/kg; Method name harmonized: ""Microwave Digestion Open Vessel"" → ""Microwave-Assisted Acid Digestion, Open Vessel""; Reagent abbreviation: ""Nitric acid, hydrochloric acid, peroxide"" → ""HNO3, HCl, H2O2""",
MANURE,L_MODV2_MANURE_CA_001,calcium,CA,Nitric-Perchloric Acid Digestion,"HNO3, HClO4",Varies,As Received,Varies,ICP-OES,MEASURED,%,prcnt,PERCENT,http://qudt.org/vocab/unit/PERCENT,AOAC International,AOAC 935.13A,,OFFICIAL,VALID,2024-11-05T12:00:00Z,2026-04-02T12:00:00Z,"Reagent abbreviation: ""Nitric acid, perchloric acid"" → ""HNO3, HClO4""",
MANURE,L_MODV2_MANURE_CA_002,calcium,CA,"Microwave-Assisted Acid Digestion, Open Vessel","HNO3, HCl, H2O2",Varies,As Received,Varies,ICP-OES,MEASURED,%,prcnt,PERCENT,http://qudt.org/vocab/unit/PERCENT,MN-DA (Minnesota Department of Agriculture),"Recommended Methods of Manure Analysis, 2nd Edition, Methods M-5.1b, M-5.2",,OFFICIAL,VALID,2024-11-05T12:00:00Z,2026-04-02T12:00:00Z,"Analyte Measurement Method clarified: ICP → ICP-OES; Method name harmonized: ""Microwave Digestion Open Vessel"" → ""Microwave-Assisted Acid Digestion, Open Vessel""; Reagent abbreviation: ""Nitric acid, hydrochloric acid, peroxide"" → ""HNO3, HCl, H2O2""",
MANURE,L_MODV2_MANURE_CA_003,calcium,CA,"Microwave-Assisted Acid Digestion, Open Vessel","HNO3, HCl, H2O2",Varies,As Received,Varies,ICP-OES,MEASURED,%,prcnt,PERCENT,http://qudt.org/vocab/unit/PERCENT,MN-DA (Minnesota Department of Agriculture),"Recommended Methods of Manure Analysis, 2nd Edition, Methods M-5.1b, M-5.2",,OFFICIAL,VALID,2024-11-05T12:00:00Z,2026-04-02T12:00:00Z,"Method name harmonized: ""Microwave Digestion Open Vessel"" → ""Microwave-Assisted Acid Digestion, Open Vessel""; Reagent abbreviation: ""Nitric acid, hydrochloric acid, peroxide"" → ""HNO3, HCl, H2O2""",
MANURE,L_MODV2_MANURE_CA_004,calcium,CA,"Microwave-Assisted Acid Digestion, Closed Vessel",HNO3,Varies,As Received,Varies,ICP-OES,MEASURED,%,prcnt,PERCENT,http://qudt.org/vocab/unit/PERCENT,MN-DA (Minnesota Department of Agriculture),"Recommended Methods of Manure Analysis, 2nd Edition, Methods M-5.1a, M-5.2",,OFFICIAL,VALID,2024-11-05T12:00:00Z,2026-04-02T12:00:00Z,"Method name harmonized: ""Microwave Digestion Closed Vessel"" → ""Microwave-Assisted Acid Digestion, Closed Vessel""; Reagent abbreviation: ""Nitric acid"" → ""HNO3""",
MANURE,L_MODV2_MANURE_CACO3EQ_001,calcium carbonate equivalent,CACO3EQ,Hydrochloric Acid,0.5 M HCl,Varies,v/m or v/v,Varies,Titration,MEASURED,%,prcnt,PERCENT,http://qudt.org/vocab/unit/PERCENT,MN-DA (Minnesota Department of Agriculture),"Recommended Methods of Manure Analysis, 2nd Edition, M-7.1",,OFFICIAL,VALID,2024-11-05T12:00:00Z,2026-04-03T12:00:00Z,2026-04-03: Terminology and chemical naming standardization pass.,
MANURE,L_MODV2_MANURE_TC_001,"carbon, total",TC,Dry Combustion,O2,,Dry Basis,Varies,Combustion Analyzer,MEASURED,%,prcnt,PERCENT,http://qudt.org/vocab/unit/PERCENT,MN-DA (Minnesota Department of Agriculture),"Recommended Methods of Manure Analysis, 2nd Edition, Methods M-2.1",,OFFICIAL,VALID,2024-11-05T12:00:00Z,2026-04-03T12:00:00Z,"Combustion method renamed: ""Combustion"" → ""Dry Combustion"" | 2026-04-03: Terminology harmonization — cross-matrix consistency pass.",
MANURE,L_MODV2_MANURE_TC_002,"carbon, total",TC,Dry Combustion,O2,,As Received,Varies,Thermal Conductivity,MEASURED,%,prcnt,PERCENT,http://qudt.org/vocab/unit/PERCENT,MN-DA (Minnesota Department of Agriculture),"Recommended Methods of Manure Analysis, 2nd Edition, M-2.1",,OFFICIAL,VALID,2024-11-05T12:00:00Z,2026-04-02T12:00:00Z,"Aligned reagent with other combustion methods; Combustion method renamed: ""Combustion"" → ""Dry Combustion""",
MANURE,L_MODV2_MANURE_CL_001,chloride,CL,Acetic Acid,2.0% glacial acetic acid,Varies,m/v,30 min,Potentiometric,MEASURED,mg/kg,mg1kg-1,MilliGM-PER-KiloGM,http://qudt.org/vocab/unit/MilliGM-PER-KiloGM,MN-DA (Minnesota Department of Agriculture),"Recommended Methods of Manure Analysis, 2nd Edition, Methods M-10.3 (7.1.1)",,OFFICIAL,SUPERSEDED,2024-11-05T12:00:00Z,2026-04-02T12:00:00Z,Mass-per-mass/ppm harmonization to percent; was mg/kg,
MANURE,L_MODV2_MANURE_CL_002,chloride,CL,Acetic Acid,2.0% glacial acetic acid,Varies,v/v,30 min,Potentiometric,MEASURED,mg/kg,mg1kg-1,MilliGM-PER-KiloGM,http://qudt.org/vocab/unit/MilliGM-PER-KiloGM,MN-DA (Minnesota Department of Agriculture),"Recommended Methods of Manure Analysis, 2nd Edition, Methods M-10.3 (7.1.2)",,OFFICIAL,SUPERSEDED,2024-11-05T12:00:00Z,2026-04-02T12:00:00Z,Mass-per-mass/ppm harmonization to percent; was mg/kg,
MANURE,L_MODV2_MANURE_CL_003,chloride,CL,Acetic Acid,2.0% glacial acetic acid,Varies,m/v,30 min,Coulometry,MEASURED,mg/kg,mg1kg-1,MilliGM-PER-KiloGM,http://qudt.org/vocab/unit/MilliGM-PER-KiloGM,MN-DA (Minnesota Department of Agriculture),"Recommended Methods of Manure Analysis, 2nd Edition, Methods M-10.2 (7.1.1)",,OFFICIAL,SUPERSEDED,2024-11-05T12:00:00Z,2026-04-02T12:00:00Z,Mass-per-mass/ppm harmonization to percent; was mg/kg,
MANURE,L_MODV2_MANURE_CL_004,chloride,CL,Acetic Acid,2.0% glacial acetic acid,Varies,v/v,30 min,Coulometry,MEASURED,mg/kg,mg1kg-1,MilliGM-PER-KiloGM,http://qudt.org/vocab/unit/MilliGM-PER-KiloGM,MN-DA (Minnesota Department of Agriculture),"Recommended Methods of Manure Analysis, 2nd Edition, Methods M-10.3 (7.1.2)",,OFFICIAL,SUPERSEDED,2024-11-05T12:00:00Z,2026-04-02T12:00:00Z,Mass-per-mass/ppm harmonization to percent; was mg/kg,
MANURE,L_MODV2_MANURE_CL_005,chloride,CL,Calcium Nitrate,0.01 M Ca(NO3)2 · 4H2O,Varies,m/v,30 min,Spectrophotometric,MEASURED,mg/kg,mg1kg-1,MilliGM-PER-KiloGM,http://qudt.org/vocab/unit/MilliGM-PER-KiloGM,MN-DA (Minnesota Department of Agriculture),"Recommended Methods of Manure Analysis, 2nd Edition, Methods M-10.1 (7.1.1)",,OFFICIAL,SUPERSEDED,2024-11-05T12:00:00Z,2026-04-02T12:00:00Z,Mass-per-mass/ppm harmonization to percent; was mg/kg,
MANURE,L_MODV2_MANURE_CL_006,chloride,CL,Calcium Nitrate,0.01 M Ca(NO3)2 · 4H2O,Varies,v/v,30 min,Spectrophotometric,MEASURED,mg/kg,mg1kg-1,MilliGM-PER-KiloGM,http://qudt.org/vocab/unit/MilliGM-PER-KiloGM,MN-DA (Minnesota Department of Agriculture),"Recommended Methods of Manure Analysis, 2nd Edition, Methods M-10.1 (7.1.2)",,OFFICIAL,SUPERSEDED,2024-11-05T12:00:00Z,2026-04-02T12:00:00Z,Mass-per-mass/ppm harmonization to percent; was mg/kg,
MANURE,L_MODV2_MANURE_CL_007,chloride,CL,Acetic Acid,2.0% glacial acetic acid,Varies,m/v,30 min,Potentiometric,MEASURED,%,prcnt,PERCENT,http://qudt.org/vocab/unit/PERCENT,MN-DA (Minnesota Department of Agriculture),"Recommended Methods of Manure Analysis, 2nd Edition, Methods M-10.3 (7.1.1)",,OFFICIAL,CANDIDATE,2026-04-02T12:00:00Z,,Mass-per-mass/ppm harmonization to percent; was mg/kg,
MANURE,L_MODV2_MANURE_CL_008,chloride,CL,Acetic Acid,2.0% glacial acetic acid,Varies,v/v,30 min,Potentiometric,MEASURED,%,prcnt,PERCENT,http://qudt.org/vocab/unit/PERCENT,MN-DA (Minnesota Department of Agriculture),"Recommended Methods of Manure Analysis, 2nd Edition, Methods M-10.3 (7.1.2)",,OFFICIAL,CANDIDATE,2026-04-02T12:00:00Z,,Mass-per-mass/ppm harmonization to percent; was mg/kg,
MANURE,L_MODV2_MANURE_CL_009,chloride,CL,Acetic Acid,2.0% glacial acetic acid,Varies,m/v,30 min,Coulometry,MEASURED,%,prcnt,PERCENT,http://qudt.org/vocab/unit/PERCENT,MN-DA (Minnesota Department of Agriculture),"Recommended Methods of Manure Analysis, 2nd Edition, Methods M-10.2 (7.1.1)",,OFFICIAL,CANDIDATE,2026-04-02T12:00:00Z,,Mass-per-mass/ppm harmonization to percent; was mg/kg,
MANURE,L_MODV2_MANURE_CL_010,chloride,CL,Acetic Acid,2.0% glacial acetic acid,Varies,v/v,30 min,Coulometry,MEASURED,%,prcnt,PERCENT,http://qudt.org/vocab/unit/PERCENT,MN-DA (Minnesota Department of Agriculture),"Recommended Methods of Manure Analysis, 2nd Edition, Methods M-10.3 (7.1.2)",,OFFICIAL,CANDIDATE,2026-04-02T12:00:00Z,,Mass-per-mass/ppm harmonization to percent; was mg/kg,
MANURE,L_MODV2_MANURE_CL_011,chloride,CL,Calcium Nitrate,0.01 M Ca(NO3)2 · 4H2O,Varies,m/v,30 min,Spectrophotometric,MEASURED,%,prcnt,PERCENT,http://qudt.org/vocab/unit/PERCENT,MN-DA (Minnesota Department of Agriculture),"Recommended Methods of Manure Analysis, 2nd Edition, Methods M-10.1 (7.1.1)",,OFFICIAL,CANDIDATE,2026-04-02T12:00:00Z,,Mass-per-mass/ppm harmonization to percent; was mg/kg,
MANURE,L_MODV2_MANURE_CL_012,chloride,CL,Calcium Nitrate,0.01 M Ca(NO3)2 · 4H2O,Varies,v/v,30 min,Spectrophotometric,MEASURED,%,prcnt,PERCENT,http://qudt.org/vocab/unit/PERCENT,MN-DA (Minnesota Department of Agriculture),"Recommended Methods of Manure Analysis, 2nd Edition, Methods M-10.1 (7.1.2)",,OFFICIAL,CANDIDATE,2026-04-02T12:00:00Z,,Mass-per-mass/ppm harmonization to percent; was mg/kg,
MANURE,L_MODV2_MANURE_CR_001,chromium,CR,"Microwave-Assisted Acid Digestion, Open Vessel","HNO3, HCl, H2O2",Varies,As Received,Varies,ICP-OES,MEASURED,mg/kg,mg1kg-1,MilliGM-PER-KiloGM,http://qudt.org/vocab/unit/MilliGM-PER-KiloGM,MN-DA (Minnesota Department of Agriculture),"Recommended Methods of Manure Analysis, 2nd Edition, Methods M-5.1b, M-5.2",,OFFICIAL,SUPERSEDED,2024-11-05T12:00:00Z,2026-04-02T12:00:00Z,"Mass-per-mass/ppm harmonization to percent; was mg/kg; Method name harmonized: ""Microwave Digestion Open Vessel"" → ""Microwave-Assisted Acid Digestion, Open Vessel""; Reagent abbreviation: ""Nitric acid, hydrochloric acid, peroxide"" → ""HNO3, HCl, H2O2""",
MANURE,L_MODV2_MANURE_CR_002,chromium,CR,"Microwave-Assisted Acid Digestion, Closed Vessel",HNO3,Varies,As Received,Varies,ICP-OES,MEASURED,mg/kg,mg1kg-1,MilliGM-PER-KiloGM,http://qudt.org/vocab/unit/MilliGM-PER-KiloGM,MN-DA (Minnesota Department of Agriculture),"Recommended Methods of Manure Analysis, 2nd Edition, Methods M-5.1a, M-5.2",,OFFICIAL,SUPERSEDED,2024-11-05T12:00:00Z,2026-04-02T12:00:00Z,"Mass-per-mass/ppm harmonization to percent; was mg/kg; Method name harmonized: ""Microwave Digestion Closed Vessel"" → ""Microwave-Assisted Acid Digestion, Closed Vessel""; Reagent abbreviation: ""Nitric acid"" → ""HNO3""",
MANURE,L_MODV2_MANURE_CR_003,chromium,CR,"Microwave-Assisted Acid Digestion, Open Vessel","HNO3, HCl, H2O2",Varies,As Received,Varies,ICP-OES,MEASURED,%,prcnt,PERCENT,http://qudt.org/vocab/unit/PERCENT,MN-DA (Minnesota Department of Agriculture),"Recommended Methods of Manure Analysis, 2nd Edition, Methods M-5.1b, M-5.2",,OFFICIAL,CANDIDATE,2026-04-02T12:00:00Z,2026-04-02T12:00:00Z,"Mass-per-mass/ppm harmonization to percent; was mg/kg; Method name harmonized: ""Microwave Digestion Open Vessel"" → ""Microwave-Assisted Acid Digestion, Open Vessel""; Reagent abbreviation: ""Nitric acid, hydrochloric acid, peroxide"" → ""HNO3, HCl, H2O2""",
MANURE,L_MODV2_MANURE_CR_004,chromium,CR,"Microwave-Assisted Acid Digestion, Closed Vessel",HNO3,Varies,As Received,Varies,ICP-OES,MEASURED,%,prcnt,PERCENT,http://qudt.org/vocab/unit/PERCENT,MN-DA (Minnesota Department of Agriculture),"Recommended Methods of Manure Analysis, 2nd Edition, Methods M-5.1a, M-5.2",,OFFICIAL,CANDIDATE,2026-04-02T12:00:00Z,2026-04-02T12:00:00Z,"Mass-per-mass/ppm harmonization to percent; was mg/kg; Method name harmonized: ""Microwave Digestion Closed Vessel"" → ""Microwave-Assisted Acid Digestion, Closed Vessel""; Reagent abbreviation: ""Nitric acid"" → ""HNO3""",
MANURE,L_MODV2_MANURE_CO_001,cobalt,CO,"Microwave-Assisted Acid Digestion, Open Vessel","HNO3, HCl, H2O2",Varies,As Received,Varies,ICP-OES,MEASURED,mg/kg,mg1kg-1,MilliGM-PER-KiloGM,http://qudt.org/vocab/unit/MilliGM-PER-KiloGM,MN-DA (Minnesota Department of Agriculture),"Recommended Methods of Manure Analysis, 2nd Edition, Methods M-5.1b, M-5.2",,OFFICIAL,SUPERSEDED,2024-11-05T12:00:00Z,2026-04-02T12:00:00Z,"Mass-per-mass/ppm harmonization to percent; was mg/kg; Method name harmonized: ""Microwave Digestion Open Vessel"" → ""Microwave-Assisted Acid Digestion, Open Vessel""; Reagent abbreviation: ""Nitric acid, hydrochloric acid, peroxide"" → ""HNO3, HCl, H2O2""",
MANURE,L_MODV2_MANURE_CO_002,cobalt,CO,"Microwave-Assisted Acid Digestion, Open Vessel","HNO3, HCl, H2O2",Varies,As Received,Varies,ICP-OES,MEASURED,%,prcnt,PERCENT,http://qudt.org/vocab/unit/PERCENT,MN-DA (Minnesota Department of Agriculture),"Recommended Methods of Manure Analysis, 2nd Edition, Methods M-5.1b, M-5.2",,OFFICIAL,CANDIDATE,2026-04-02T12:00:00Z,2026-04-02T12:00:00Z,"Mass-per-mass/ppm harmonization to percent; was mg/kg; Method name harmonized: ""Microwave Digestion Open Vessel"" → ""Microwave-Assisted Acid Digestion, Open Vessel""; Reagent abbreviation: ""Nitric acid, hydrochloric acid, peroxide"" → ""HNO3, HCl, H2O2""",
MANURE,L_MODV2_MANURE_COLIFORM_FECAL_001,"coliform, fecal",COLIFORM_FECAL,,,,,,Microbiological,,MPN/g,mpn1g-1,Needs QUDT Discussion,Needs QUDT Discussion,,,,EXPERIMENTAL,RETIRED,2024-11-05T12:00:00Z,,,
MANURE,L_MODV2_MANURE_COLIFORM_TOTAL_001,"coliform, total",COLIFORM_TOTAL,,,,,,Microbiological,,MPN/g,mpn1g-1,Needs QUDT Discussion,Needs QUDT Discussion,,,,EXPERIMENTAL,RETIRED,2024-11-05T12:00:00Z,,,
MANURE,L_MODV2_MANURE_CU_001,copper,CU,Nitric-Perchloric Acid Digestion,"HNO3, HClO4",Varies,As Received,Varies,ICP-OES,MEASURED,mg/kg,mg1kg-1,MilliGM-PER-KiloGM,http://qudt.org/vocab/unit/MilliGM-PER-KiloGM,AOAC International,AOAC 935.13A,,OFFICIAL,SUPERSEDED,2024-11-05T12:00:00Z,2026-04-02T12:00:00Z,"Mass-per-mass/ppm harmonization to percent; was mg/kg; Reagent abbreviation: ""Nitric acid, perchloric acid"" → ""HNO3, HClO4""",
MANURE,L_MODV2_MANURE_CU_002,copper,CU,"Microwave-Assisted Acid Digestion, Open Vessel","HNO3, HCl, H2O2",Varies,As Received,Varies,ICP-OES,MEASURED,mg/kg,mg1kg-1,MilliGM-PER-KiloGM,http://qudt.org/vocab/unit/MilliGM-PER-KiloGM,MN-DA (Minnesota Department of Agriculture),"Recommended Methods of Manure Analysis, 2nd Edition, Methods M-5.1b, M-5.2",,OFFICIAL,SUPERSEDED,2024-11-05T12:00:00Z,2026-04-02T12:00:00Z,"Mass-per-mass/ppm harmonization to percent; was mg/kg; Analyte Measurement Method clarified: ICP → ICP-OES; Method name harmonized: ""Microwave Digestion Open Vessel"" → ""Microwave-Assisted Acid Digestion, Open Vessel""; Reagent abbreviation: ""Nitric acid, hydrochloric acid, peroxide"" → ""HNO3, HCl, H2O2""",
MANURE,L_MODV2_MANURE_CU_003,copper,CU,"Microwave-Assisted Acid Digestion, Open Vessel","HNO3, HCl, H2O2",Varies,As Received,Varies,ICP-OES,MEASURED,mg/kg,mg1kg-1,MilliGM-PER-KiloGM,http://qudt.org/vocab/unit/MilliGM-PER-KiloGM,MN-DA (Minnesota Department of Agriculture),"Recommended Methods of Manure Analysis, 2nd Edition, Methods M-5.1b, M-5.2",,OFFICIAL,SUPERSEDED,2024-11-05T12:00:00Z,2026-04-02T12:00:00Z,"Mass-per-mass/ppm harmonization to percent; was mg/kg; Method name harmonized: ""Microwave Digestion Open Vessel"" → ""Microwave-Assisted Acid Digestion, Open Vessel""; Reagent abbreviation: ""Nitric acid, hydrochloric acid, peroxide"" → ""HNO3, HCl, H2O2""",
MANURE,L_MODV2_MANURE_CU_004,copper,CU,"Microwave-Assisted Acid Digestion, Closed Vessel",HNO3,Varies,As Received,Varies,ICP-OES,MEASURED,mg/kg,mg1kg-1,MilliGM-PER-KiloGM,http://qudt.org/vocab/unit/MilliGM-PER-KiloGM,MN-DA (Minnesota Department of Agriculture),"Recommended Methods of Manure Analysis, 2nd Edition, Methods M-5.1a, M-5.2",,OFFICIAL,SUPERSEDED,2024-11-05T12:00:00Z,2026-04-02T12:00:00Z,"Mass-per-mass/ppm harmonization to percent; was mg/kg; Method name harmonized: ""Microwave Digestion Closed Vessel"" → ""Microwave-Assisted Acid Digestion, Closed Vessel""; Reagent abbreviation: ""Nitric acid"" → ""HNO3""",
MANURE,L_MODV2_MANURE_CU_005,copper,CU,Nitric-Perchloric Acid Digestion,"HNO3, HClO4",Varies,As Received,Varies,ICP-OES,MEASURED,%,prcnt,PERCENT,http://qudt.org/vocab/unit/PERCENT,AOAC International,AOAC 935.13A,,OFFICIAL,CANDIDATE,2026-04-02T12:00:00Z,2026-04-02T12:00:00Z,"Mass-per-mass/ppm harmonization to percent; was mg/kg; Reagent abbreviation: ""Nitric acid, perchloric acid"" → ""HNO3, HClO4""",
MANURE,L_MODV2_MANURE_CU_006,copper,CU,"Microwave-Assisted Acid Digestion, Open Vessel","HNO3, HCl, H2O2",Varies,As Received,Varies,ICP-OES,MEASURED,%,prcnt,PERCENT,http://qudt.org/vocab/unit/PERCENT,MN-DA (Minnesota Department of Agriculture),"Recommended Methods of Manure Analysis, 2nd Edition, Methods M-5.1b, M-5.2",,OFFICIAL,CANDIDATE,2026-04-02T12:00:00Z,2026-04-02T12:00:00Z,"Mass-per-mass/ppm harmonization to percent; was mg/kg; Analyte Measurement Method clarified: ICP → ICP-OES; Method name harmonized: ""Microwave Digestion Open Vessel"" → ""Microwave-Assisted Acid Digestion, Open Vessel""; Reagent abbreviation: ""Nitric acid, hydrochloric acid, peroxide"" → ""HNO3, HCl, H2O2""",
MANURE,L_MODV2_MANURE_CU_007,copper,CU,"Microwave-Assisted Acid Digestion, Open Vessel","HNO3, HCl, H2O2",Varies,As Received,Varies,ICP-OES,MEASURED,%,prcnt,PERCENT,http://qudt.org/vocab/unit/PERCENT,MN-DA (Minnesota Department of Agriculture),"Recommended Methods of Manure Analysis, 2nd Edition, Methods M-5.1b, M-5.2",,OFFICIAL,CANDIDATE,2026-04-02T12:00:00Z,2026-04-02T12:00:00Z,"Mass-per-mass/ppm harmonization to percent; was mg/kg; Method name harmonized: ""Microwave Digestion Open Vessel"" → ""Microwave-Assisted Acid Digestion, Open Vessel""; Reagent abbreviation: ""Nitric acid, hydrochloric acid, peroxide"" → ""HNO3, HCl, H2O2""",
MANURE,L_MODV2_MANURE_CU_008,copper,CU,"Microwave-Assisted Acid Digestion, Closed Vessel",HNO3,Varies,As Received,Varies,ICP-OES,MEASURED,%,prcnt,PERCENT,http://qudt.org/vocab/unit/PERCENT,MN-DA (Minnesota Department of Agriculture),"Recommended Methods of Manure Analysis, 2nd Edition, Methods M-5.1a, M-5.2",,OFFICIAL,CANDIDATE,2026-04-02T12:00:00Z,2026-04-02T12:00:00Z,"Mass-per-mass/ppm harmonization to percent; was mg/kg; Method name harmonized: ""Microwave Digestion Closed Vessel"" → ""Microwave-Assisted Acid Digestion, Closed Vessel""; Reagent abbreviation: ""Nitric acid"" → ""HNO3""",
MANURE,L_MODV2_MANURE_ECOLI_001,e.coli,ECOLI,,,,,,Microbiological,,cfu/ml,cfu1ml-1,NUM-PER-MilliL,http://qudt.org/vocab/unit/NUM-PER-MilliL,,,,EXPERIMENTAL,RETIRED,2024-11-05T12:00:00Z,,,
MANURE,L_MODV2_MANURE_EC_001,electrical conductivity,EC,,,,,,,MEASURED,dS/m,dS1m-1,DeciS-PER-M,http://qudt.org/vocab/unit/DeciS-PER-M,,,,EXPERIMENTAL,RETIRED,2024-11-05T12:00:00Z,,,
MANURE,L_MODV2_MANURE_EC_002,electrical conductivity,EC,Manure to Water Slurry,Water,1:01,As Received,,Potentiometric,MEASURED,dS/m,dS1m-1,DeciS-PER-M,http://qudt.org/vocab/unit/DeciS-PER-M,,,,EXPERIMENTAL,RETIRED,2024-11-05T12:00:00Z,,,
MANURE,L_MODV2_MANURE_EC_003,electrical conductivity,EC,Manure to Water Slurry,Water,1:02,As Received,30 min,Potentiometric,MEASURED,dS/m,dS1m-1,DeciS-PER-M,http://qudt.org/vocab/unit/DeciS-PER-M,MN-DA (Minnesota Department of Agriculture),"Recommended Methods of Manure Analysis, 2nd Edition, Methods M-9.1 (7.3)",,OFFICIAL,VALID,2024-11-05T12:00:00Z,,,
MANURE,L_MODV2_MANURE_EC_004,electrical conductivity,EC,Manure to Water Slurry,Water,1:05,As Received,30 min,Potentiometric,MEASURED,dS/m,dS1m-1,DeciS-PER-M,http://qudt.org/vocab/unit/DeciS-PER-M,MN-DA (Minnesota Department of Agriculture),"Recommended Methods of Manure Analysis, 2nd Edition, Methods M-9.1 (7.4)",,OFFICIAL,VALID,2024-11-05T12:00:00Z,,,
MANURE,L_MODV2_MANURE_EC_005,electrical conductivity,EC,Direct Measurement,,,As Received,,Potentiometric,MEASURED,dS/m,dS1m-1,DeciS-PER-M,http://qudt.org/vocab/unit/DeciS-PER-M,MN-DA (Minnesota Department of Agriculture),"Recommended Methods of Manure Analysis, 2nd Edition, Methods M-9.1 (7.2)",,OFFICIAL,VALID,2024-11-05T12:00:00Z,,,
MANURE,L_MODV2_MANURE_HUMICACID_001,humic acid,HUMICACID,,,,,,Gravimetric,,%,prcnt,PERCENT,http://qudt.org/vocab/unit/PERCENT,,,,EXPERIMENTAL,RETIRED,2024-11-05T12:00:00Z,2026-04-03T12:00:00Z,2026-04-03: Terminology and chemical naming standardization pass.,
MANURE,L_MODV2_MANURE_FE_001,iron,FE,Nitric-Perchloric Acid Digestion,"HNO3, HClO4",Varies,As Received,Varies,ICP-OES,MEASURED,mg/kg,mg1kg-1,MilliGM-PER-KiloGM,http://qudt.org/vocab/unit/MilliGM-PER-KiloGM,AOAC International,AOAC 935.13A,,OFFICIAL,SUPERSEDED,2024-11-05T12:00:00Z,2026-04-02T12:00:00Z,"Mass-per-mass/ppm harmonization to percent; was mg/kg; Reagent abbreviation: ""Nitric acid, perchloric acid"" → ""HNO3, HClO4""",
MANURE,L_MODV2_MANURE_FE_002,iron,FE,"Microwave-Assisted Acid Digestion, Open Vessel","HNO3, HCl, H2O2",Varies,As Received,Varies,ICP-OES,MEASURED,mg/kg,mg1kg-1,MilliGM-PER-KiloGM,http://qudt.org/vocab/unit/MilliGM-PER-KiloGM,MN-DA (Minnesota Department of Agriculture),"Recommended Methods of Manure Analysis, 2nd Edition, Methods M-5.1b, M-5.2",,OFFICIAL,SUPERSEDED,2024-11-05T12:00:00Z,2026-04-02T12:00:00Z,"Mass-per-mass/ppm harmonization to percent; was mg/kg; Analyte Measurement Method clarified: ICP → ICP-OES; Method name harmonized: ""Microwave Digestion Open Vessel"" → ""Microwave-Assisted Acid Digestion, Open Vessel""; Reagent abbreviation: ""Nitric acid, hydrochloric acid, peroxide"" → ""HNO3, HCl, H2O2""",
MANURE,L_MODV2_MANURE_FE_003,iron,FE,"Microwave-Assisted Acid Digestion, Open Vessel","HNO3, HCl, H2O2",Varies,As Received,Varies,ICP-OES,MEASURED,mg/kg,mg1kg-1,MilliGM-PER-KiloGM,http://qudt.org/vocab/unit/MilliGM-PER-KiloGM,MN-DA (Minnesota Department of Agriculture),"Recommended Methods of Manure Analysis, 2nd Edition, Methods M-5.1b, M-5.2",,OFFICIAL,SUPERSEDED,2024-11-05T12:00:00Z,2026-04-02T12:00:00Z,"Mass-per-mass/ppm harmonization to percent; was mg/kg; Method name harmonized: ""Microwave Digestion Open Vessel"" → ""Microwave-Assisted Acid Digestion, Open Vessel""; Reagent abbreviation: ""Nitric acid, hydrochloric acid, peroxide"" → ""HNO3, HCl, H2O2""",
MANURE,L_MODV2_MANURE_FE_004,iron,FE,"Microwave-Assisted Acid Digestion, Closed Vessel",HNO3,Varies,As Received,Varies,ICP-OES,MEASURED,mg/kg,mg1kg-1,MilliGM-PER-KiloGM,http://qudt.org/vocab/unit/MilliGM-PER-KiloGM,MN-DA (Minnesota Department of Agriculture),"Recommended Methods of Manure Analysis, 2nd Edition, Methods M-5.1a, M-5.2",,OFFICIAL,SUPERSEDED,2024-11-05T12:00:00Z,2026-04-02T12:00:00Z,"Mass-per-mass/ppm harmonization to percent; was mg/kg; Method name harmonized: ""Microwave Digestion Closed Vessel"" → ""Microwave-Assisted Acid Digestion, Closed Vessel""; Reagent abbreviation: ""Nitric acid"" → ""HNO3""",
MANURE,L_MODV2_MANURE_FE_005,iron,FE,Nitric-Perchloric Acid Digestion,"HNO3, HClO4",Varies,As Received,Varies,ICP-OES,MEASURED,%,prcnt,PERCENT,http://qudt.org/vocab/unit/PERCENT,AOAC International,AOAC 935.13A,,OFFICIAL,CANDIDATE,2026-04-02T12:00:00Z,2026-04-02T12:00:00Z,"Mass-per-mass/ppm harmonization to percent; was mg/kg; Reagent abbreviation: ""Nitric acid, perchloric acid"" → ""HNO3, HClO4""",
MANURE,L_MODV2_MANURE_FE_006,iron,FE,"Microwave-Assisted Acid Digestion, Open Vessel","HNO3, HCl, H2O2",Varies,As Received,Varies,ICP-OES,MEASURED,%,prcnt,PERCENT,http://qudt.org/vocab/unit/PERCENT,MN-DA (Minnesota Department of Agriculture),"Recommended Methods of Manure Analysis, 2nd Edition, Methods M-5.1b, M-5.2",,OFFICIAL,CANDIDATE,2026-04-02T12:00:00Z,2026-04-02T12:00:00Z,"Mass-per-mass/ppm harmonization to percent; was mg/kg; Analyte Measurement Method clarified: ICP → ICP-OES; Method name harmonized: ""Microwave Digestion Open Vessel"" → ""Microwave-Assisted Acid Digestion, Open Vessel""; Reagent abbreviation: ""Nitric acid, hydrochloric acid, peroxide"" → ""HNO3, HCl, H2O2""",
MANURE,L_MODV2_MANURE_FE_007,iron,FE,"Microwave-Assisted Acid Digestion, Open Vessel","HNO3, HCl, H2O2",Varies,As Received,Varies,ICP-OES,MEASURED,%,prcnt,PERCENT,http://qudt.org/vocab/unit/PERCENT,MN-DA (Minnesota Department of Agriculture),"Recommended Methods of Manure Analysis, 2nd Edition, Methods M-5.1b, M-5.2",,OFFICIAL,CANDIDATE,2026-04-02T12:00:00Z,2026-04-02T12:00:00Z,"Mass-per-mass/ppm harmonization to percent; was mg/kg; Method name harmonized: ""Microwave Digestion Open Vessel"" → ""Microwave-Assisted Acid Digestion, Open Vessel""; Reagent abbreviation: ""Nitric acid, hydrochloric acid, peroxide"" → ""HNO3, HCl, H2O2""",
MANURE,L_MODV2_MANURE_FE_008,iron,FE,"Microwave-Assisted Acid Digestion, Closed Vessel",HNO3,Varies,As Received,Varies,ICP-OES,MEASURED,%,prcnt,PERCENT,http://qudt.org/vocab/unit/PERCENT,MN-DA (Minnesota Department of Agriculture),"Recommended Methods of Manure Analysis, 2nd Edition, Methods M-5.1a, M-5.2",,OFFICIAL,CANDIDATE,2026-04-02T12:00:00Z,2026-04-02T12:00:00Z,"Mass-per-mass/ppm harmonization to percent; was mg/kg; Method name harmonized: ""Microwave Digestion Closed Vessel"" → ""Microwave-Assisted Acid Digestion, Closed Vessel""; Reagent abbreviation: ""Nitric acid"" → ""HNO3""",
MANURE,L_MODV2_MANURE_PB_001,lead,PB,"Microwave-Assisted Acid Digestion, Open Vessel","HNO3, HCl, H2O2",Varies,As Received,Varies,ICP-OES,MEASURED,mg/kg,mg1kg-1,MilliGM-PER-KiloGM,http://qudt.org/vocab/unit/MilliGM-PER-KiloGM,MN-DA (Minnesota Department of Agriculture),"Recommended Methods of Manure Analysis, 2nd Edition, Methods M-5.1a, M-5.2",,OFFICIAL,SUPERSEDED,2024-11-05T12:00:00Z,2026-04-02T12:00:00Z,"Mass-per-mass/ppm harmonization to percent; was mg/kg; Method name harmonized: ""Microwave Digestion Open Vessel"" → ""Microwave-Assisted Acid Digestion, Open Vessel""; Reagent abbreviation: ""Nitric acid, hydrochloric acid, peroxide"" → ""HNO3, HCl, H2O2""",
MANURE,L_MODV2_MANURE_PB_002,lead,PB,"Microwave-Assisted Acid Digestion, Open Vessel","HNO3, HCl, H2O2",Varies,As Received,Varies,ICP-OES,MEASURED,%,prcnt,PERCENT,http://qudt.org/vocab/unit/PERCENT,MN-DA (Minnesota Department of Agriculture),"Recommended Methods of Manure Analysis, 2nd Edition, Methods M-5.1a, M-5.2",,OFFICIAL,CANDIDATE,2026-04-02T12:00:00Z,2026-04-02T12:00:00Z,"Mass-per-mass/ppm harmonization to percent; was mg/kg; Method name harmonized: ""Microwave Digestion Open Vessel"" → ""Microwave-Assisted Acid Digestion, Open Vessel""; Reagent abbreviation: ""Nitric acid, hydrochloric acid, peroxide"" → ""HNO3, HCl, H2O2""",
MANURE,L_MODV2_MANURE_MG_001,magnesium,MG,Nitric-Perchloric Acid Digestion,"HNO3, HClO4",Varies,As Received,Varies,ICP-OES,MEASURED,%,prcnt,PERCENT,http://qudt.org/vocab/unit/PERCENT,AOAC International,AOAC 935.13A,,OFFICIAL,VALID,2024-11-05T12:00:00Z,2026-04-02T12:00:00Z,"Reagent abbreviation: ""Nitric acid, perchloric acid"" → ""HNO3, HClO4""",
MANURE,L_MODV2_MANURE_MG_002,magnesium,MG,"Microwave-Assisted Acid Digestion, Open Vessel","HNO3, HCl, H2O2",Varies,As Received,Varies,ICP-OES,MEASURED,%,prcnt,PERCENT,http://qudt.org/vocab/unit/PERCENT,MN-DA (Minnesota Department of Agriculture),"Recommended Methods of Manure Analysis, 2nd Edition, Methods M-5.1a, M-5.2",,OFFICIAL,VALID,2024-11-05T12:00:00Z,2026-04-02T12:00:00Z,"Analyte Measurement Method clarified: ICP → ICP-OES; Method name harmonized: ""Microwave Digestion Open Vessel"" → ""Microwave-Assisted Acid Digestion, Open Vessel""; Reagent abbreviation: ""Nitric acid, hydrochloric acid, peroxide"" → ""HNO3, HCl, H2O2""",
MANURE,L_MODV2_MANURE_MG_003,magnesium,MG,"Microwave-Assisted Acid Digestion, Open Vessel","HNO3, HCl, H2O2",Varies,As Received,Varies,ICP-OES,MEASURED,%,prcnt,PERCENT,http://qudt.org/vocab/unit/PERCENT,MN-DA (Minnesota Department of Agriculture),"Recommended Methods of Manure Analysis, 2nd Edition, Methods M-5.1a, M-5.2",,OFFICIAL,VALID,2024-11-05T12:00:00Z,2026-04-02T12:00:00Z,"Method name harmonized: ""Microwave Digestion Open Vessel"" → ""Microwave-Assisted Acid Digestion, Open Vessel""; Reagent abbreviation: ""Nitric acid, hydrochloric acid, peroxide"" → ""HNO3, HCl, H2O2""",
MANURE,L_MODV2_MANURE_MG_004,magnesium,MG,"Microwave-Assisted Acid Digestion, Closed Vessel",HNO3,Varies,As Received,Varies,ICP-OES,MEASURED,%,prcnt,PERCENT,http://qudt.org/vocab/unit/PERCENT,MN-DA (Minnesota Department of Agriculture),"Recommended Methods of Manure Analysis, 2nd Edition, Methods M-5.1a, M-5.2",,OFFICIAL,VALID,2024-11-05T12:00:00Z,2026-04-02T12:00:00Z,"Method name harmonized: ""Microwave Digestion Closed Vessel"" → ""Microwave-Assisted Acid Digestion, Closed Vessel""; Reagent abbreviation: ""Nitric acid"" → ""HNO3""",
MANURE,L_MODV2_MANURE_MG_005,magnesium,MG,Muffle Furnace Dry Ashing,O2,Varies,As Received,Varies,ICP-OES,MEASURED,%,prcnt,PERCENT,http://qudt.org/vocab/unit/PERCENT,MN-DA (Minnesota Department of Agriculture),"Recommended Methods of Manure Analysis, 2nd Edition, Methods M-5.1a, M-5.2",,OFFICIAL,CANDIDATE,2026-04-02T12:00:00Z,,New method added,New method: muffle furnace dry ashing for Mg in manure
MANURE,L_MODV2_MANURE_MMM_001,man made materials,MMM,,,,,,Gravimetric,,%,prcnt,PERCENT,http://qudt.org/vocab/unit/PERCENT,,,,EXPERIMENTAL,RETIRED,2024-11-05T12:00:00Z,,,
MANURE,L_MODV2_MANURE_MN_001,manganese,MN,Nitric-Perchloric Acid Digestion,"HNO3, HClO4",Varies,As Received,Varies,ICP-OES,MEASURED,mg/kg,mg1kg-1,MilliGM-PER-KiloGM,http://qudt.org/vocab/unit/MilliGM-PER-KiloGM,AOAC International,AOAC 935.13A,,OFFICIAL,SUPERSEDED,2024-11-05T12:00:00Z,2026-04-02T12:00:00Z,"Mass-per-mass/ppm harmonization to percent; was mg/kg; Reagent abbreviation: ""Nitric acid, perchloric acid"" → ""HNO3, HClO4""",
MANURE,L_MODV2_MANURE_MN_002,manganese,MN,"Microwave-Assisted Acid Digestion, Open Vessel","HNO3, HCl, H2O2",Varies,As Received,Varies,ICP-OES,MEASURED,mg/kg,mg1kg-1,MilliGM-PER-KiloGM,http://qudt.org/vocab/unit/MilliGM-PER-KiloGM,MN-DA (Minnesota Department of Agriculture),"Recommended Methods of Manure Analysis, 2nd Edition, Methods M-5.1b, M-5.2",,OFFICIAL,SUPERSEDED,2024-11-05T12:00:00Z,2026-04-02T12:00:00Z,"Mass-per-mass/ppm harmonization to percent; was mg/kg; Analyte Measurement Method clarified: ICP → ICP-OES; Method name harmonized: ""Microwave Digestion Open Vessel"" → ""Microwave-Assisted Acid Digestion, Open Vessel""; Reagent abbreviation: ""Nitric acid, hydrochloric acid, peroxide"" → ""HNO3, HCl, H2O2""",
MANURE,L_MODV2_MANURE_MN_003,manganese,MN,"Microwave-Assisted Acid Digestion, Open Vessel","HNO3, HCl, H2O2",Varies,As Received,Varies,ICP-OES,MEASURED,mg/kg,mg1kg-1,MilliGM-PER-KiloGM,http://qudt.org/vocab/unit/MilliGM-PER-KiloGM,MN-DA (Minnesota Department of Agriculture),"Recommended Methods of Manure Analysis, 2nd Edition, Methods M-5.1b, M-5.2",,OFFICIAL,SUPERSEDED,2024-11-05T12:00:00Z,2026-04-02T12:00:00Z,"Mass-per-mass/ppm harmonization to percent; was mg/kg; Method name harmonized: ""Microwave Digestion Open Vessel"" → ""Microwave-Assisted Acid Digestion, Open Vessel""; Reagent abbreviation: ""Nitric acid, hydrochloric acid, peroxide"" → ""HNO3, HCl, H2O2""",
MANURE,L_MODV2_MANURE_MN_004,manganese,MN,"Microwave-Assisted Acid Digestion, Closed Vessel",HNO3,Varies,As Received,Varies,ICP-OES,MEASURED,mg/kg,mg1kg-1,MilliGM-PER-KiloGM,http://qudt.org/vocab/unit/MilliGM-PER-KiloGM,MN-DA (Minnesota Department of Agriculture),"Recommended Methods of Manure Analysis, 2nd Edition, Methods M-5.1a, M-5.2",,OFFICIAL,SUPERSEDED,2024-11-05T12:00:00Z,2026-04-02T12:00:00Z,"Mass-per-mass/ppm harmonization to percent; was mg/kg; Method name harmonized: ""Microwave Digestion Closed Vessel"" → ""Microwave-Assisted Acid Digestion, Closed Vessel""; Reagent abbreviation: ""Nitric acid"" → ""HNO3""",
MANURE,L_MODV2_MANURE_MN_005,manganese,MN,Nitric-Perchloric Acid Digestion,"HNO3, HClO4",Varies,As Received,Varies,ICP-OES,MEASURED,%,prcnt,PERCENT,http://qudt.org/vocab/unit/PERCENT,AOAC International,AOAC 935.13A,,OFFICIAL,CANDIDATE,2026-04-02T12:00:00Z,2026-04-02T12:00:00Z,"Mass-per-mass/ppm harmonization to percent; was mg/kg; Reagent abbreviation: ""Nitric acid, perchloric acid"" → ""HNO3, HClO4""",
MANURE,L_MODV2_MANURE_MN_006,manganese,MN,"Microwave-Assisted Acid Digestion, Open Vessel","HNO3, HCl, H2O2",Varies,As Received,Varies,ICP-OES,MEASURED,%,prcnt,PERCENT,http://qudt.org/vocab/unit/PERCENT,MN-DA (Minnesota Department of Agriculture),"Recommended Methods of Manure Analysis, 2nd Edition, Methods M-5.1b, M-5.2",,OFFICIAL,CANDIDATE,2026-04-02T12:00:00Z,2026-04-02T12:00:00Z,"Mass-per-mass/ppm harmonization to percent; was mg/kg; Analyte Measurement Method clarified: ICP → ICP-OES; Method name harmonized: ""Microwave Digestion Open Vessel"" → ""Microwave-Assisted Acid Digestion, Open Vessel""; Reagent abbreviation: ""Nitric acid, hydrochloric acid, peroxide"" → ""HNO3, HCl, H2O2""",
MANURE,L_MODV2_MANURE_MN_007,manganese,MN,"Microwave-Assisted Acid Digestion, Open Vessel","HNO3, HCl, H2O2",Varies,As Received,Varies,ICP-OES,MEASURED,%,prcnt,PERCENT,http://qudt.org/vocab/unit/PERCENT,MN-DA (Minnesota Department of Agriculture),"Recommended Methods of Manure Analysis, 2nd Edition, Methods M-5.1b, M-5.2",,OFFICIAL,CANDIDATE,2026-04-02T12:00:00Z,2026-04-02T12:00:00Z,"Mass-per-mass/ppm harmonization to percent; was mg/kg; Method name harmonized: ""Microwave Digestion Open Vessel"" → ""Microwave-Assisted Acid Digestion, Open Vessel""; Reagent abbreviation: ""Nitric acid, hydrochloric acid, peroxide"" → ""HNO3, HCl, H2O2""",
MANURE,L_MODV2_MANURE_MN_008,manganese,MN,"Microwave-Assisted Acid Digestion, Closed Vessel",HNO3,Varies,As Received,Varies,ICP-OES,MEASURED,%,prcnt,PERCENT,http://qudt.org/vocab/unit/PERCENT,MN-DA (Minnesota Department of Agriculture),"Recommended Methods of Manure Analysis, 2nd Edition, Methods M-5.1a, M-5.2",,OFFICIAL,CANDIDATE,2026-04-02T12:00:00Z,2026-04-02T12:00:00Z,"Mass-per-mass/ppm harmonization to percent; was mg/kg; Method name harmonized: ""Microwave Digestion Closed Vessel"" → ""Microwave-Assisted Acid Digestion, Closed Vessel""; Reagent abbreviation: ""Nitric acid"" → ""HNO3""",
MANURE,L_MODV2_MANURE_MN_009,manganese,MN,Muffle Furnace Dry Ashing,O2,Varies,As Received,Varies,ICP-OES,MEASURED,%,prcnt,PERCENT,http://qudt.org/vocab/unit/PERCENT,MN-DA (Minnesota Department of Agriculture),"Recommended Methods of Manure Analysis, 2nd Edition, Methods M-5.1b, M-5.2",,OFFICIAL,CANDIDATE,2026-04-02T12:00:00Z,,New method added,New method: muffle furnace dry ashing for Mn in manure
MANURE,L_MODV2_MANURE_MATURITYINDEX_001,maturity index,MATURITYINDEX,,,,,,Solvita,,,,,,,,,EXPERIMENTAL,RETIRED,2024-11-05T12:00:00Z,,,
MANURE,L_MODV2_MANURE_HG_001,mercury,HG,Aqua Regia/Potassium Permanganate,,,,,ICP-OES,MEASURED,mg/kg,mg1kg-1,MilliGM-PER-KiloGM,http://qudt.org/vocab/unit/MilliGM-PER-KiloGM,,,,EXPERIMENTAL,RETIRED,2024-11-05T12:00:00Z,,,
MANURE,L_MODV2_MANURE_GWC_001,moisture content,GWC,Oven Drying,"105 C, constant weight",,As Received,Varies,Gravimetric,CALCULATION,%,prcnt,PERCENT,http://qudt.org/vocab/unit/PERCENT,MN-DA (Minnesota Department of Agriculture),"Recommended Methods of Manure Analysis, 2nd Edition, Methods M-5.1a, M-1.1",,OFFICIAL,VALID,2024-11-05T12:00:00Z,2026-04-03T12:00:00Z,2026-04-03: Vocabulary normalization — controlled vocab alignment. | 2026-04-03: Oven Drying alignment — method name standardized; temp/condition detail moved to reagent field.,
MANURE,L_MODV2_MANURE_MO_001,molybdenum,MO,"Microwave-Assisted Acid Digestion, Open Vessel","HNO3, HCl, H2O2",Varies,As Received,Varies,ICP-OES,MEASURED,mg/kg,mg1kg-1,MilliGM-PER-KiloGM,http://qudt.org/vocab/unit/MilliGM-PER-KiloGM,MN-DA (Minnesota Department of Agriculture),"Recommended Methods of Manure Analysis, 2nd Edition, Methods M-5.1b, M-5.3",,OFFICIAL,SUPERSEDED,2024-11-05T12:00:00Z,2026-04-02T12:00:00Z,"Mass-per-mass/ppm harmonization to percent; was mg/kg; Method name harmonized: ""Microwave Digestion Open Vessel"" → ""Microwave-Assisted Acid Digestion, Open Vessel""; Reagent abbreviation: ""Nitric acid, hydrochloric acid, peroxide"" → ""HNO3, HCl, H2O2""",
MANURE,L_MODV2_MANURE_MO_002,molybdenum,MO,"Microwave-Assisted Acid Digestion, Open Vessel","HNO3, HCl, H2O2",Varies,As Received,Varies,ICP-OES,MEASURED,%,prcnt,PERCENT,http://qudt.org/vocab/unit/PERCENT,MN-DA (Minnesota Department of Agriculture),"Recommended Methods of Manure Analysis, 2nd Edition, Methods M-5.1b, M-5.3",,OFFICIAL,CANDIDATE,2026-04-02T12:00:00Z,2026-04-02T12:00:00Z,"Mass-per-mass/ppm harmonization to percent; was mg/kg; Method name harmonized: ""Microwave Digestion Open Vessel"" → ""Microwave-Assisted Acid Digestion, Open Vessel""; Reagent abbreviation: ""Nitric acid, hydrochloric acid, peroxide"" → ""HNO3, HCl, H2O2""",
MANURE,L_MODV2_MANURE_NI_001,nickel,NI,"Microwave-Assisted Acid Digestion, Open Vessel","HNO3, HCl, H2O2",Varies,As Received,Varies,ICP-OES,MEASURED,mg/kg,mg1kg-1,MilliGM-PER-KiloGM,http://qudt.org/vocab/unit/MilliGM-PER-KiloGM,MN-DA (Minnesota Department of Agriculture),"Recommended Methods of Manure Analysis, 2nd Edition, Methods M-5.1b, M-5.2",,OFFICIAL,SUPERSEDED,2024-11-05T12:00:00Z,2026-04-02T12:00:00Z,"Mass-per-mass/ppm harmonization to percent; was mg/kg; Method name harmonized: ""Microwave Digestion Open Vessel"" → ""Microwave-Assisted Acid Digestion, Open Vessel""; Reagent abbreviation: ""Nitric acid, hydrochloric acid, peroxide"" → ""HNO3, HCl, H2O2""",
MANURE,L_MODV2_MANURE_NI_002,nickel,NI,"Microwave-Assisted Acid Digestion, Open Vessel","HNO3, HCl, H2O2",Varies,As Received,Varies,ICP-OES,MEASURED,%,prcnt,PERCENT,http://qudt.org/vocab/unit/PERCENT,MN-DA (Minnesota Department of Agriculture),"Recommended Methods of Manure Analysis, 2nd Edition, Methods M-5.1b, M-5.2",,OFFICIAL,CANDIDATE,2026-04-02T12:00:00Z,2026-04-02T12:00:00Z,"Mass-per-mass/ppm harmonization to percent; was mg/kg; Method name harmonized: ""Microwave Digestion Open Vessel"" → ""Microwave-Assisted Acid Digestion, Open Vessel""; Reagent abbreviation: ""Nitric acid, hydrochloric acid, peroxide"" → ""HNO3, HCl, H2O2""",
MANURE,L_MODV2_MANURE_NO3N_001,nitrate-nitrogen,NO3N,Potassium Chloride,1.0 M KCl,Varies,As Received,30 min,"Cd or N2H4 reduction, Spectrophotometric",MEASURED,%,prcnt,PERCENT,http://qudt.org/vocab/unit/PERCENT,MN-DA (Minnesota Department of Agriculture),"Recommended Methods of Manure Analysis, 2nd Edition, M-4.3",,OFFICIAL,VALID,2024-11-05T12:00:00Z,,,
MANURE,L_MODV2_MANURE_NO3N_002,nitrate-nitrogen,NO3N,Potassium Chloride,2.0 M KCl,Varies,As Received,30 min,"Cd or N2H4 reduction, Spectrophotometric",MEASURED,%,prcnt,PERCENT,http://qudt.org/vocab/unit/PERCENT,MN-DA (Minnesota Department of Agriculture),"Recommended Methods of Manure Analysis, 2nd Edition, M-4.3",,OFFICIAL,VALID,2024-11-05T12:00:00Z,,,
MANURE,L_MODV2_MANURE_NO3N_003,nitrate-nitrogen,NO3N,Potassium Chloride,Acidified 1.0 M KCl,Varies,As Received,30 min,Diffusion Conductivity,MEASURED,%,prcnt,PERCENT,http://qudt.org/vocab/unit/PERCENT,MN-DA (Minnesota Department of Agriculture),"Recommended Methods of Manure Analysis, 2nd Edition, M-4.2",,OFFICIAL,VALID,2024-11-05T12:00:00Z,,,
MANURE,L_MODV2_MANURE_NO3N_004,nitrate-nitrogen,NO3N,Potassium Chloride,1.0 M KCl,Varies,As Received,30 min,ISE,MEASURED,%,prcnt,PERCENT,http://qudt.org/vocab/unit/PERCENT,,,,EXPERIMENTAL,RETIRED,2024-11-05T12:00:00Z,2026-04-03T12:00:00Z,2026-04-03: Terminology and chemical naming standardization pass.,
MANURE,L_MODV2_MANURE_NO3N_005,nitrate-nitrogen,NO3N,Water,Deionized Water,Varies,As Received,,"Cd or N2H4 reduction, Spectrophotometric",MEASURED,%,prcnt,PERCENT,http://qudt.org/vocab/unit/PERCENT,,,,EXPERIMENTAL,RETIRED,2024-11-05T12:00:00Z,2026-04-03T12:00:00Z,2026-04-03: Terminology and chemical naming standardization pass.,
MANURE,L_MODV2_MANURE_TKN_001,"nitrogen, total",TKN,Kjeldahl,H2SO4 / Catalyst,Varies,As Received,Varies,Distillation/Titration,MEASURED,%,prcnt,PERCENT,http://qudt.org/vocab/unit/PERCENT,MN-DA (Minnesota Department of Agriculture),"Recommended Methods of Manure Analysis, 2nd Edition, M-3.2",,OFFICIAL,SUPERSEDED,2024-11-05T12:00:00Z,2026-04-02T12:00:00Z,"Clarified TKN vs TN in method name and code; Reagent abbreviation: ""Sulfuric Acid Digest / Catalyst"" → ""H2SO4 / Catalyst""",
MANURE,L_MODV2_MANURE_TKN_002,"nitrogen, total",TKN,Kjeldahl,H2SO4 / Catalyst,Varies,As Received,Varies,Spectrophotometric,MEASURED,%,prcnt,PERCENT,http://qudt.org/vocab/unit/PERCENT,MN-DA (Minnesota Department of Agriculture),"Recommended Methods of Manure Analysis, 2nd Edition, M-3.2",,OFFICIAL,SUPERSEDED,2024-11-05T12:00:00Z,2026-04-02T12:00:00Z,"Clarified TKN vs TN in method name and code; Reagent abbreviation: ""Sulfuric Acid Digest / Catalyst"" → ""H2SO4 / Catalyst""",
MANURE,L_MODV2_MANURE_TKN_003,"nitrogen, total",TKN,Kjeldahl,H2SO4 / Catalyst,Varies,As Received,Varies,Diffusion Conductivity,MEASURED,%,prcnt,PERCENT,http://qudt.org/vocab/unit/PERCENT,MN-DA (Minnesota Department of Agriculture),"Recommended Methods of Manure Analysis, 2nd Edition, M-3.2",,OFFICIAL,SUPERSEDED,2024-11-05T12:00:00Z,2026-04-02T12:00:00Z,"Clarified TKN vs TN in method name and code; Reagent abbreviation: ""Sulfuric Acid Digest / Catalyst"" → ""H2SO4 / Catalyst""",
MANURE,L_MODV2_MANURE_TKN_004,"nitrogen, total",TKN,Combustion,O2,,As Received,Varies,Thermal Conductivity,MEASURED,%,prcnt,PERCENT,http://qudt.org/vocab/unit/PERCENT,MN-DA (Minnesota Department of Agriculture),"Recommended Methods of Manure Analysis, 2nd Edition, M-3.1",,OFFICIAL,SUPERSEDED,2024-11-05T12:00:00Z,2026-04-02T12:00:00Z,"Clarified TKN vs TN in method name and code; Reagent abbreviation: ""Oxygen"" → ""O2""",
MANURE,L_MODV2_MANURE_TKN_005,"nitrogen, total",TKN,Water,30% solid to liquid ratio,Varies,As Received,,Near Infra-red Reflectance,MEASURED,%,prcnt,PERCENT,http://qudt.org/vocab/unit/PERCENT,MN-DA (Minnesota Department of Agriculture),"Recommended Methods of Manure Analysis, 2nd Edition, M-3.3",,EXPERIMENTAL,SUPERSEDED,2024-11-05T12:00:00Z,2025-05-21T12:00:00Z,Clarified TKN vs TN in method name and code,
MANURE,L_MODV2_MANURE_TKN_006,"nitrogen, total",TKN,Kjeldahl,H2SO4 / Catalyst,Varies,As Received,Varies,Distillation/Titration,MEASURED,%,prcnt,PERCENT,http://qudt.org/vocab/unit/PERCENT,MN-DA (Minnesota Department of Agriculture),"Recommended Methods of Manure Analysis, 2nd Edition, M-3.2",,OFFICIAL,SUPERSEDED,2025-05-21T12:00:00Z,2026-04-02T12:00:00Z,"Analyte and code renamed: ""nitrogen, total kjeldahl"" → ""nitrogen, total"" (Kjeldahl is method, not analyte); Reagent abbreviation: ""Sulfuric Acid Digest / Catalyst"" → ""H2SO4 / Catalyst""",
MANURE,L_MODV2_MANURE_TKN_007,"nitrogen, total",TKN,Kjeldahl,H2SO4 / Catalyst,Varies,As Received,Varies,Spectrophotometric,MEASURED,%,prcnt,PERCENT,http://qudt.org/vocab/unit/PERCENT,MN-DA (Minnesota Department of Agriculture),"Recommended Methods of Manure Analysis, 2nd Edition, M-3.2",,OFFICIAL,SUPERSEDED,2025-05-21T12:00:00Z,2026-04-02T12:00:00Z,"Analyte and code renamed: ""nitrogen, total kjeldahl"" → ""nitrogen, total"" (Kjeldahl is method, not analyte); Reagent abbreviation: ""Sulfuric Acid Digest / Catalyst"" → ""H2SO4 / Catalyst""",
MANURE,L_MODV2_MANURE_TKN_008,"nitrogen, total",TKN,Kjeldahl,H2SO4 / Catalyst,Varies,As Received,Varies,Diffusion Conductivity,MEASURED,%,prcnt,PERCENT,http://qudt.org/vocab/unit/PERCENT,MN-DA (Minnesota Department of Agriculture),"Recommended Methods of Manure Analysis, 2nd Edition, M-3.2",,OFFICIAL,SUPERSEDED,2025-05-21T12:00:00Z,2026-04-02T12:00:00Z,"Analyte and code renamed: ""nitrogen, total kjeldahl"" → ""nitrogen, total"" (Kjeldahl is method, not analyte); Reagent abbreviation: ""Sulfuric Acid Digest / Catalyst"" → ""H2SO4 / Catalyst""",
MANURE,L_MODV2_MANURE_TN_001,"nitrogen, total",TN,Combustion,Combustion,,As Received,Varies,Thermal Conductivity,MEASURED,%,prcnt,PERCENT,http://qudt.org/vocab/unit/PERCENT,MN-DA (Minnesota Department of Agriculture),"Recommended Methods of Manure Analysis, 2nd Edition, M-3.1",,OFFICIAL,VALID,2025-05-21T12:00:00Z,,,
MANURE,L_MODV2_MANURE_TN_002,"nitrogen, total",TN,Water,30% solid to liquid ratio,Varies,As Received,,Near Infra-red Reflectance,MEASURED,%,prcnt,PERCENT,http://qudt.org/vocab/unit/PERCENT,MN-DA (Minnesota Department of Agriculture),"Recommended Methods of Manure Analysis, 2nd Edition, M-3.3",,EXPERIMENTAL,VALID,2025-05-21T12:00:00Z,,,
MANURE,L_MODV2_MANURE_TN_003,"nitrogen, total",TN,Kjeldahl,H2SO4 / Catalyst,Varies,As Received,Varies,Distillation/Titration,MEASURED,%,prcnt,PERCENT,http://qudt.org/vocab/unit/PERCENT,MN-DA (Minnesota Department of Agriculture),"Recommended Methods of Manure Analysis, 2nd Edition, M-3.2",,OFFICIAL,CANDIDATE,2024-11-05T12:00:00Z,2026-04-02T12:00:00Z,,
MANURE,L_MODV2_MANURE_TN_004,"nitrogen, total",TN,Kjeldahl,H2SO4 / Catalyst,Varies,As Received,Varies,Spectrophotometric,MEASURED,%,prcnt,PERCENT,http://qudt.org/vocab/unit/PERCENT,MN-DA (Minnesota Department of Agriculture),"Recommended Methods of Manure Analysis, 2nd Edition, M-3.2",,OFFICIAL,CANDIDATE,2024-11-05T12:00:00Z,2026-04-02T12:00:00Z,,
MANURE,L_MODV2_MANURE_TN_005,"nitrogen, total",TN,Kjeldahl,H2SO4 / Catalyst,Varies,As Received,Varies,Diffusion Conductivity,MEASURED,%,prcnt,PERCENT,http://qudt.org/vocab/unit/PERCENT,MN-DA (Minnesota Department of Agriculture),"Recommended Methods of Manure Analysis, 2nd Edition, M-3.2",,OFFICIAL,CANDIDATE,2024-11-05T12:00:00Z,2026-04-02T12:00:00Z,,
MANURE,L_MODV2_MANURE_TN_006,"nitrogen, total",TN,Hicks Nitrogen TNb,None,1:5,,,Redox and Chemiluminescence,MEASURED,%,prcnt,PERCENT,http://qudt.org/vocab/unit/PERCENT,American Public Health Assn.,"Total Nitrogen by Redox and Chemiluminescence 4500-N NITROGEN in Standard Methods For the Examination of Water and Wastewater, 24th.",,OFFICIAL,CANDIDATE,2026-04-06T12:00:00Z,,New method added; submitted by NCDA&CS,Pending Agrisemantics code assignment (TN_006); reported unit harmonized from ppm to %
MANURE,L_MODV2_MANURE_NWI_001,"nitrogen, water insoluble",NWI,,,,,,,,mg/kg,mg1kg-1,MilliGM-PER-KiloGM,http://qudt.org/vocab/unit/MilliGM-PER-KiloGM,,,,EXPERIMENTAL,RETIRED,2024-11-05T12:00:00Z,2026-04-03T12:00:00Z,2026-04-03: Terminology and chemical naming standardization pass.,
MANURE,L_MODV2_MANURE_NWS_001,"nitrogen, water soluble",NWS,,,,,,,,mg/kg,mg1kg-1,MilliGM-PER-KiloGM,http://qudt.org/vocab/unit/MilliGM-PER-KiloGM,,,,EXPERIMENTAL,RETIRED,2024-11-05T12:00:00Z,2026-04-03T12:00:00Z,2026-04-03: Terminology and chemical naming standardization pass.,
MANURE,L_MODV2_MANURE_TOC_001,"carbon, total organic",TOC,Heat of Dilution,,,,,Titration,,%,prcnt,PERCENT,http://qudt.org/vocab/unit/PERCENT,,,,EXPERIMENTAL,RETIRED,2024-11-05T12:00:00Z,2026-04-03T12:00:00Z,2026-04-03: Terminology and chemical naming standardization pass.,
MANURE,L_MODV2_MANURE_OM_001,organic matter,OM,Loss on Ignition (LOI),,,,,Gravimetric,MEASURED,%,prcnt,PERCENT,http://qudt.org/vocab/unit/PERCENT,,,,EXPERIMENTAL,RETIRED,2024-11-05T12:00:00Z,,,
MANURE,L_MODV2_MANURE_PH_001,pH,PH,Manure to Water Slurry,Water,1:02,As Received,,pH Electrode,MEASURED,S.U.,su,PH,http://qudt.org/vocab/unit/PH,MN-DA (Minnesota Department of Agriculture),"Recommended Methods of Manure Analysis, 2nd Edition, Methods M-8.1 (7.3)",,OFFICIAL,VALID,2024-11-05T12:00:00Z,,,
MANURE,L_MODV2_MANURE_PH_002,pH,PH,Direct Measurement,,,As Received,,pH Electrode,MEASURED,S.U.,su,PH,http://qudt.org/vocab/unit/PH,MN-DA (Minnesota Department of Agriculture),"Recommended Methods of Manure Analysis, 2nd Edition, Methods M-8.1 (7.2)",,OFFICIAL,VALID,2024-11-05T12:00:00Z,,,
MANURE,L_MODV2_MANURE_PH_003,pH,PH,Manure to Water Slurry,,1:01,,,pH Electrode,MEASURED,S.U.,su,PH,http://qudt.org/vocab/unit/PH,,,,EXPERIMENTAL,RETIRED,2024-11-05T12:00:00Z,,,
MANURE,L_MODV2_MANURE_PO4_001,phosphate,PO4,Acetic Acid,2% Acetic Acid Extraction,,,,ICP-OES,MEASURED,%,prcnt,PERCENT,http://qudt.org/vocab/unit/PERCENT,,,,EXPERIMENTAL,RETIRED,2024-11-05T12:00:00Z,,,
MANURE,L_MODV2_MANURE_PO4P_001,phosphate-phosphorus,PO4P,Acetic Acid,2% Acetic Acid Extraction,,,,ICP-OES,MEASURED,%,prcnt,PERCENT,http://qudt.org/vocab/unit/PERCENT,,,,EXPERIMENTAL,RETIRED,2024-11-05T12:00:00Z,,,
MANURE,L_MODV2_MANURE_P_001,phosphorus,P,Nitric-Perchloric Acid Digestion,"HNO3, HClO4",Varies,As Received,Varies,ICP-OES,MEASURED,%,prcnt,PERCENT,http://qudt.org/vocab/unit/PERCENT,AOAC International,AOAC 935.13A,,OFFICIAL,SUPERSEDED,2024-11-05T12:00:00Z,2026-04-02T12:00:00Z,"Duplicate due to iIncorrect extraction name; Reagent abbreviation: ""Nitric acid, perchloric acid"" → ""HNO3, HClO4""",
MANURE,L_MODV2_MANURE_P_002,phosphorus,P,"Microwave-Assisted Acid Digestion, Open Vessel","HNO3, HCl, H2O2",Varies,As Received,Varies,ICP-OES,MEASURED,%,prcnt,PERCENT,http://qudt.org/vocab/unit/PERCENT,MN-DA (Minnesota Department of Agriculture),"Recommended Methods of Manure Analysis, 2nd Edition, Methods M-5.1b, M-5.2",,OFFICIAL,SUPERSEDED,2024-11-05T12:00:00Z,2026-04-02T12:00:00Z,"Duplicate, incorrect analyte measurement; Method name harmonized: ""Microwave Digestion Open Vessel"" → ""Microwave-Assisted Acid Digestion, Open Vessel""; Reagent abbreviation: ""Nitric acid, hydrochloric acid, peroxide"" → ""HNO3, HCl, H2O2""",
MANURE,L_MODV2_MANURE_P_003,phosphorus,P,"Microwave-Assisted Acid Digestion, Closed Vessel",HNO3,Varies,As Received,Varies,ICP-OES,MEASURED,%,prcnt,PERCENT,http://qudt.org/vocab/unit/PERCENT,MN-DA (Minnesota Department of Agriculture),"Recommended Methods of Manure Analysis, 2nd Edition, Methods M-5.1a, M-5.2",,OFFICIAL,VALID,2024-11-05T12:00:00Z,2026-04-02T12:00:00Z,"Method name harmonized: ""Microwave Digestion Closed Vessel"" → ""Microwave-Assisted Acid Digestion, Closed Vessel""; Reagent abbreviation: ""Nitric acid"" → ""HNO3""",
MANURE,L_MODV2_MANURE_P_004,phosphorus,P,Muffle Furnace Dry Ashing,Combustion,,As Received,Varies,ICP-OES,MEASURED,%,prcnt,PERCENT,http://qudt.org/vocab/unit/PERCENT,MN-DA (Minnesota Department of Agriculture),"Recommended Methods of Manure Analysis, 2nd Edition, Methods M-5.1c, M-5.2",,OFFICIAL,SUPERSEDED,2024-11-05T12:00:00Z,2025-05-21T12:00:00Z,"Duplicate, incorrect analyte measurement",
MANURE,L_MODV2_MANURE_P_005,phosphorus,P,Nitric Acid,HNO3 (concentrated),Varies,As Received,Varies,ICP-OES,MEASURED,%,prcnt,PERCENT,http://qudt.org/vocab/unit/PERCENT,MN-DA (Minnesota Department of Agriculture),"Recommended Methods of Manure Analysis, 2nd Edition, Methods M-5.1b, M-5.3",,OFFICIAL,VALID,2024-11-05T12:00:00Z,2026-04-02T12:00:00Z,"Corrected v1 reference; Reagent abbreviation: ""Nitric acid, concentrated"" → ""HNO3 (concentrated)""",
MANURE,L_MODV2_MANURE_P_006,phosphorus,P,Nitric-Perchloric Acid Digestion,"HNO3, HClO4",Varies,As Received,Varies,ICP-OES,MEASURED,%,prcnt,PERCENT,http://qudt.org/vocab/unit/PERCENT,AOAC International,AOAC 935.13A,,OFFICIAL,SUPERSEDED,2024-11-05T12:00:00Z,2026-04-02T12:00:00Z,"Incorrect Method name; Reagent abbreviation: ""Nitric acid, perchloric acid"" → ""HNO3, HClO4""",
MANURE,L_MODV2_MANURE_P_007,phosphorus,P,Muffle Furnace Dry Ashing,Combustion,,As Received,Varies,ICP-OES,MEASURED,%,prcnt,PERCENT,http://qudt.org/vocab/unit/PERCENT,MN-DA (Minnesota Department of Agriculture),"Recommended Methods of Manure Analysis, 2nd Edition, Methods M-5.1c, M-5.3",,OFFICIAL,SUPERSEDED,2024-11-05T12:00:00Z,2025-05-21T12:00:00Z,"Duplicate, incorrect analyte measurement",
MANURE,L_MODV2_MANURE_P_008,phosphorus,P,"Microwave-Assisted Acid Digestion, Open Vessel","HNO3, HCl, H2O2",Varies,As Received,Varies,ICP-OES,MEASURED,%,prcnt,PERCENT,http://qudt.org/vocab/unit/PERCENT,MN-DA (Minnesota Department of Agriculture),"Recommended Methods of Manure Analysis, 2nd Edition, Methods M-5.1b, M-5.2",,OFFICIAL,SUPERSEDED,2024-11-05T12:00:00Z,2026-04-02T12:00:00Z,"Duplicate, incorrect analyte measurement; Method name harmonized: ""Microwave Digestion Open Vessel"" → ""Microwave-Assisted Acid Digestion, Open Vessel""; Reagent abbreviation: ""Nitric acid, hydrochloric acid, peroxide"" → ""HNO3, HCl, H2O2""",
MANURE,L_MODV2_MANURE_P_009,phosphorus,P,"Microwave-Assisted Acid Digestion, Open Vessel","HNO3, HClO4",Varies,As Received,Varies,ICP-OES,MEASURED,%,prcnt,PERCENT,http://qudt.org/vocab/unit/PERCENT,AOAC International,AOAC 935.13A,,OFFICIAL,VALID,2025-05-21T12:00:00Z,2026-04-02T12:00:00Z,"Method name harmonized: ""Microwave Digestion Open Vessel"" → ""Microwave-Assisted Acid Digestion, Open Vessel""; Reagent abbreviation: ""Nitric acid, perchloric acid"" → ""HNO3, HClO4""",
MANURE,L_MODV2_MANURE_P_010,phosphorus,P,"Microwave-Assisted Acid Digestion, Open Vessel","HNO3, HClO4",Varies,As Received,Varies,Spectrophotometric,MEASURED,%,prcnt,PERCENT,http://qudt.org/vocab/unit/PERCENT,AOAC International,AOAC 935.13A,,OFFICIAL,VALID,2025-05-21T12:00:00Z,2026-04-02T12:00:00Z,"Method name harmonized: ""Microwave Digestion Open Vessel"" → ""Microwave-Assisted Acid Digestion, Open Vessel""; Reagent abbreviation: ""Nitric acid, perchloric acid"" → ""HNO3, HClO4""",
MANURE,L_MODV2_MANURE_P_011,phosphorus,P,"Microwave-Assisted Acid Digestion, Open Vessel","HNO3, HCl, H2O2",Varies,As Received,Varies,ICP-OES,MEASURED,%,prcnt,PERCENT,http://qudt.org/vocab/unit/PERCENT,MN-DA (Minnesota Department of Agriculture),"Recommended Methods of Manure Analysis, 2nd Edition, Methods M-5.1b, M-5.2",,OFFICIAL,VALID,2025-05-21T12:00:00Z,2026-04-02T12:00:00Z,"Method name harmonized: ""Microwave Digestion Open Vessel"" → ""Microwave-Assisted Acid Digestion, Open Vessel""; Reagent abbreviation: ""Nitric acid, hydrochloric acid, peroxide"" → ""HNO3, HCl, H2O2""",
MANURE,L_MODV2_MANURE_P_012,phosphorus,P,"Microwave-Assisted Acid Digestion, Open Vessel","HNO3, HCl, H2O2",Varies,As Received,Varies,Spectrophotometric,MEASURED,%,prcnt,PERCENT,http://qudt.org/vocab/unit/PERCENT,MN-DA (Minnesota Department of Agriculture),"Recommended Methods of Manure Analysis, 2nd Edition, Methods M-5.1b, M-5.2",,OFFICIAL,VALID,2025-05-21T12:00:00Z,2026-04-02T12:00:00Z,"Method name harmonized: ""Microwave Digestion Open Vessel"" → ""Microwave-Assisted Acid Digestion, Open Vessel""; Reagent abbreviation: ""Nitric acid, hydrochloric acid, peroxide"" → ""HNO3, HCl, H2O2""",
MANURE,L_MODV2_MANURE_P_013,phosphorus,P,Muffle Furnace Dry Ashing,Combustion,,As Received,Varies,ICP-OES,MEASURED,%,prcnt,PERCENT,http://qudt.org/vocab/unit/PERCENT,MN-DA (Minnesota Department of Agriculture),"Recommended Methods of Manure Analysis, 2nd Edition, Methods M-5.1c, M-5.2",,OFFICIAL,VALID,2025-05-21T12:00:00Z,,,
MANURE,L_MODV2_MANURE_P_014,phosphorus,P,Muffle Furnace Dry Ashing,Combustion,,As Received,Varies,Spectrophotometric,MEASURED,%,prcnt,PERCENT,http://qudt.org/vocab/unit/PERCENT,MN-DA (Minnesota Department of Agriculture),"Recommended Methods of Manure Analysis, 2nd Edition, Methods M-5.1c, M-5.3",,OFFICIAL,VALID,2025-05-21T12:00:00Z,,,
MANURE,L_MODV2_MANURE_P_WATER_EXTRACTABLE_001,"phosphorus, water extractable",P_WATER_EXTRACTABLE,Water,Water,100:1 V:S,v/m,60 min,ICP-OES,MEASURED,g/kg,g1kg-1,GM-PER-KiloGM,http://qudt.org/vocab/unit/GM-PER-KiloGM,MN-DA (Minnesota Department of Agriculture),"Recommended Methods of Manure Analysis, 2nd Edition, Methods M-6.1",,OFFICIAL,SUPERSEDED,2024-11-05T12:00:00Z,2026-04-02T12:00:00Z,Mass-per-mass/ppm harmonization to percent; was g/kg,
MANURE,L_MODV2_MANURE_P_WATER_EXTRACTABLE_002,"phosphorus, water extractable",P_WATER_EXTRACTABLE,Water,Water,100:1 V:S,v/m,60 min,ICP-OES,MEASURED,%,prcnt,PERCENT,http://qudt.org/vocab/unit/PERCENT,MN-DA (Minnesota Department of Agriculture),"Recommended Methods of Manure Analysis, 2nd Edition, Methods M-6.1",,OFFICIAL,CANDIDATE,2026-04-02T12:00:00Z,,Mass-per-mass/ppm harmonization to percent; was g/kg,
MANURE,L_MODV2_MANURE_K_001,potassium,K,Nitric-Perchloric Acid Digestion,"HNO3, HClO4",Varies,As Received,Varies,ICP-OES,MEASURED,%,prcnt,PERCENT,http://qudt.org/vocab/unit/PERCENT,AOAC International,AOAC 935.13A,,OFFICIAL,VALID,2024-11-05T12:00:00Z,2026-04-02T12:00:00Z,"Reagent abbreviation: ""Nitric acid, perchloric acid"" → ""HNO3, HClO4""",
MANURE,L_MODV2_MANURE_K_002,potassium,K,"Microwave-Assisted Acid Digestion, Open Vessel","HNO3, HCl, H2O2",Varies,As Received,Varies,ICP-OES,MEASURED,%,prcnt,PERCENT,http://qudt.org/vocab/unit/PERCENT,MN-DA (Minnesota Department of Agriculture),"Recommended Methods of Manure Analysis, 2nd Edition, Methods M-5.1b, M-5.2",,OFFICIAL,VALID,2024-11-05T12:00:00Z,2026-04-02T12:00:00Z,"Method name harmonized: ""Microwave Digestion Open Vessel"" → ""Microwave-Assisted Acid Digestion, Open Vessel""; Reagent abbreviation: ""Nitric acid, hydrochloric acid, peroxide"" → ""HNO3, HCl, H2O2""",
MANURE,L_MODV2_MANURE_K_003,potassium,K,"Microwave-Assisted Acid Digestion, Closed Vessel",HNO3,Varies,As Received,Varies,ICP-OES,MEASURED,%,prcnt,PERCENT,http://qudt.org/vocab/unit/PERCENT,MN-DA (Minnesota Department of Agriculture),"Recommended Methods of Manure Analysis, 2nd Edition, Methods M-5.1a, M-5.2",,OFFICIAL,VALID,2024-11-05T12:00:00Z,2026-04-02T12:00:00Z,"Method name harmonized: ""Microwave Digestion Closed Vessel"" → ""Microwave-Assisted Acid Digestion, Closed Vessel""; Reagent abbreviation: ""Nitric acid"" → ""HNO3""",
MANURE,L_MODV2_MANURE_K_004,potassium,K,"Microwave-Assisted Acid Digestion, Open Vessel","HNO3, HCl, H2O2",Varies,As Received,Varies,ICP-OES,MEASURED,%,prcnt,PERCENT,http://qudt.org/vocab/unit/PERCENT,,,,EXPERIMENTAL,RETIRED,2024-11-05T12:00:00Z,2026-04-02T12:00:00Z,"Method name harmonized: ""Microwave Digestion Open Vessel"" → ""Microwave-Assisted Acid Digestion, Open Vessel""; Reagent abbreviation: ""Nitric acid, hydrochloric acid, peroxide"" → ""HNO3, HCl, H2O2""",
MANURE,L_MODV2_MANURE_SOLUBLE_K_001,"potassium, soluble",SOLUBLE_K,Acetic Acid,2% Acetic Acid Extraction,,,,Spectrophotometric,,%,prcnt,PERCENT,http://qudt.org/vocab/unit/PERCENT,,,,EXPERIMENTAL,RETIRED,2024-11-05T12:00:00Z,,,
MANURE,L_MODV2_MANURE_SALMONELLA_001,salmonella,SALMONELLA,,,,,,Microbiological,,cfu/ml,cfu1ml-1,NUM-PER-MilliL,http://qudt.org/vocab/unit/NUM-PER-MilliL,,,,EXPERIMENTAL,RETIRED,2024-11-05T12:00:00Z,,,
MANURE,L_MODV2_MANURE_SE_001,selenium,SE,"Microwave-Assisted Acid Digestion, Open Vessel","HNO3, HCl, H2O2",Varies,As Received,Varies,ICP-OES,MEASURED,mg/kg,mg1kg-1,MilliGM-PER-KiloGM,http://qudt.org/vocab/unit/MilliGM-PER-KiloGM,MN-DA (Minnesota Department of Agriculture),"Recommended Methods of Manure Analysis, 2nd Edition, Methods M-5.1b, M-5.2",,OFFICIAL,SUPERSEDED,2024-11-05T12:00:00Z,2026-04-02T12:00:00Z,"Mass-per-mass/ppm harmonization to percent; was mg/kg; Method name harmonized: ""Microwave Digestion Open Vessel"" → ""Microwave-Assisted Acid Digestion, Open Vessel""; Reagent abbreviation: ""Nitric acid, hydrochloric acid, peroxide"" → ""HNO3, HCl, H2O2""",
MANURE,L_MODV2_MANURE_SE_002,selenium,SE,"Microwave-Assisted Acid Digestion, Open Vessel","HNO3, HCl, H2O2",Varies,As Received,Varies,ICP-OES,MEASURED,%,prcnt,PERCENT,http://qudt.org/vocab/unit/PERCENT,MN-DA (Minnesota Department of Agriculture),"Recommended Methods of Manure Analysis, 2nd Edition, Methods M-5.1b, M-5.2",,OFFICIAL,CANDIDATE,2026-04-02T12:00:00Z,2026-04-02T12:00:00Z,"Mass-per-mass/ppm harmonization to percent; was mg/kg; Method name harmonized: ""Microwave Digestion Open Vessel"" → ""Microwave-Assisted Acid Digestion, Open Vessel""; Reagent abbreviation: ""Nitric acid, hydrochloric acid, peroxide"" → ""HNO3, HCl, H2O2""",
MANURE,L_MODV2_MANURE_NA_001,sodium,NA,Nitric-Perchloric Acid Digestion,"HNO3, HClO4",Varies,As Received,Varies,ICP-OES,MEASURED,%,prcnt,PERCENT,http://qudt.org/vocab/unit/PERCENT,AOAC International,AOAC 935.13A,,OFFICIAL,VALID,2024-11-05T12:00:00Z,2026-04-02T12:00:00Z,"Reagent abbreviation: ""Nitric acid, perchloric acid"" → ""HNO3, HClO4""",
MANURE,L_MODV2_MANURE_NA_002,sodium,NA,"Microwave-Assisted Acid Digestion, Open Vessel","HNO3, HCl, H2O2",Varies,As Received,Varies,ICP-OES,MEASURED,%,prcnt,PERCENT,http://qudt.org/vocab/unit/PERCENT,MN-DA (Minnesota Department of Agriculture),"Recommended Methods of Manure Analysis, 2nd Edition, Methods M-5.1b, M-5.2",,OFFICIAL,VALID,2024-11-05T12:00:00Z,2026-04-02T12:00:00Z,"Analyte Measurement Method clarified: ICP → ICP-OES; Method name harmonized: ""Microwave Digestion Open Vessel"" → ""Microwave-Assisted Acid Digestion, Open Vessel""; Reagent abbreviation: ""Nitric acid, hydrochloric acid, peroxide"" → ""HNO3, HCl, H2O2""",
MANURE,L_MODV2_MANURE_NA_003,sodium,NA,"Microwave-Assisted Acid Digestion, Open Vessel","HNO3, HCl, H2O2",Varies,As Received,Varies,ICP-OES,MEASURED,%,prcnt,PERCENT,http://qudt.org/vocab/unit/PERCENT,MN-DA (Minnesota Department of Agriculture),"Recommended Methods of Manure Analysis, 2nd Edition, Methods M-5.1b, M-5.2",,OFFICIAL,VALID,2024-11-05T12:00:00Z,2026-04-02T12:00:00Z,"Method name harmonized: ""Microwave Digestion Open Vessel"" → ""Microwave-Assisted Acid Digestion, Open Vessel""; Reagent abbreviation: ""Nitric acid, hydrochloric acid, peroxide"" → ""HNO3, HCl, H2O2""",
MANURE,L_MODV2_MANURE_NA_004,sodium,NA,"Microwave-Assisted Acid Digestion, Closed Vessel",HNO3,Varies,As Received,Varies,ICP-OES,MEASURED,%,prcnt,PERCENT,http://qudt.org/vocab/unit/PERCENT,MN-DA (Minnesota Department of Agriculture),"Recommended Methods of Manure Analysis, 2nd Edition, Methods M-5.1a, M-5.2",,OFFICIAL,VALID,2024-11-05T12:00:00Z,2026-04-02T12:00:00Z,"Method name harmonized: ""Microwave Digestion Closed Vessel"" → ""Microwave-Assisted Acid Digestion, Closed Vessel""; Reagent abbreviation: ""Nitric acid"" → ""HNO3""",
MANURE,L_MODV2_MANURE_SOLIDS_FIXED_001,"solids, fixed",SOLIDS_FIXED,Muffle Furnace Dry Ashing,Total solid residue heated to constant weight at 550 C,,Dry Basis,Varies,Gravimetric,MEASURED,%,prcnt,PERCENT,http://qudt.org/vocab/unit/PERCENT,MN-DA (Minnesota Department of Agriculture),"Recommended Methods of Manure Analysis, 2nd Edition, Methods M-1.1",,OFFICIAL,VALID,2024-11-05T12:00:00Z,,,
MANURE,L_MODV2_MANURE_SOLIDS_001,"solids, total",SOLIDS,Oven Drying,"105 C, constant weight",,As Received,Varies,Gravimetric,MEASURED,%,prcnt,PERCENT,http://qudt.org/vocab/unit/PERCENT,MN-DA (Minnesota Department of Agriculture),"Recommended Methods of Manure Analysis, 2nd Edition, Methods M-5.1a, M-1.1",,OFFICIAL,VALID,2024-11-05T12:00:00Z,2026-04-03T12:00:00Z,2026-04-03: Oven Drying alignment — method name standardized; temp/condition detail moved to reagent field.,
MANURE,L_MODV2_MANURE_SOLIDS_002,"solids, total",SOLIDS,Oven Drying,105 C,,As Received,60 min,Gravimetric,MEASURED,%,prcnt,PERCENT,http://qudt.org/vocab/unit/PERCENT,MN-DA (Minnesota Department of Agriculture),"Recommended Methods of Manure Analysis, 2nd Edition, Methods M-5.1a, M-1.1",,OFFICIAL,VALID,2024-11-05T12:00:00Z,2026-04-03T12:00:00Z,2026-04-03: Oven Drying alignment — method name standardized; temp/condition detail moved to reagent field.,
MANURE,L_MODV2_MANURE_SOLIDS_003,"solids, total",SOLIDS,Oven Drying,Dry to constant weight at 80 C,,As Received,60 min,Gravimetric,,%,prcnt,PERCENT,http://qudt.org/vocab/unit/PERCENT,,,,EXPERIMENTAL,RETIRED,2024-11-05T12:00:00Z,,,
MANURE,L_MODV2_MANURE_SOLIDS_004,"solids, total",SOLIDS,Oven Drying,Dry to constant weight at 70 C,,As Received,60 min,Gravimetric,,%,prcnt,PERCENT,http://qudt.org/vocab/unit/PERCENT,,,,EXPERIMENTAL,RETIRED,2024-11-05T12:00:00Z,,,
MANURE,L_MODV2_MANURE_SOLID_VOLATILE_001,"solids, volatile",SOLID_VOLATILE,Muffle Furnace Dry Ashing,Total solid residue heated to constant weight at 550 C,,Dry Basis,Varies,Gravimetric,MEASURED,%,prcnt,PERCENT,http://qudt.org/vocab/unit/PERCENT,MN-DA (Minnesota Department of Agriculture),"Recommended Methods of Manure Analysis, 2nd Edition, Methods M-1.1",,OFFICIAL,VALID,2024-11-05T12:00:00Z,,,
MANURE,L_MODV2_MANURE_SO4_001,sulfate,SO4,Acetic Acid,2% Acetic Acid Extraction,,,,Spectrophotometric,,%,prcnt,PERCENT,http://qudt.org/vocab/unit/PERCENT,,,,EXPERIMENTAL,RETIRED,2024-11-05T12:00:00Z,,,
MANURE,L_MODV2_MANURE_SO4S_001,sulfate-sulfur,SO4S,Acetic Acid,2% Acetic Acid Extraction,,,,Spectrophotometric,,%,prcnt,PERCENT,http://qudt.org/vocab/unit/PERCENT,,,,EXPERIMENTAL,RETIRED,2024-11-05T12:00:00Z,,,
MANURE,L_MODV2_MANURE_S_001,sulfur,S,"Microwave-Assisted Acid Digestion, Open Vessel","HNO3, HCl, H2O2",Varies,As Received,Varies,ICP-OES,MEASURED,%,prcnt,PERCENT,http://qudt.org/vocab/unit/PERCENT,MN-DA (Minnesota Department of Agriculture),"Recommended Methods of Manure Analysis, 2nd Edition, Methods M-5.1b, M-5.2",,OFFICIAL,SUPERSEDED,2024-11-05T12:00:00Z,2026-04-02T12:00:00Z,"Invalid, duplicate; Method name harmonized: ""Microwave Digestion Open Vessel"" → ""Microwave-Assisted Acid Digestion, Open Vessel""; Reagent abbreviation: ""Nitric acid, hydrochloric acid, peroxide"" → ""HNO3, HCl, H2O2""",
MANURE,L_MODV2_MANURE_S_002,sulfur,S,"Microwave-Assisted Acid Digestion, Open Vessel","HNO3, HCl, H2O2",Varies,As Received,Varies,ICP-OES,MEASURED,%,prcnt,PERCENT,http://qudt.org/vocab/unit/PERCENT,MN-DA (Minnesota Department of Agriculture),"Recommended Methods of Manure Analysis, 2nd Edition, Methods M-5.1b, M-5.2",,OFFICIAL,VALID,2024-11-05T12:00:00Z,2026-04-02T12:00:00Z,"Method name harmonized: ""Microwave Digestion Open Vessel"" → ""Microwave-Assisted Acid Digestion, Open Vessel""; Reagent abbreviation: ""Nitric acid, hydrochloric acid, peroxide"" → ""HNO3, HCl, H2O2""",
MANURE,L_MODV2_MANURE_S_003,sulfur,S,"Microwave-Assisted Acid Digestion, Closed Vessel",HNO3,Varies,As Received,Varies,ICP-OES,MEASURED,%,prcnt,PERCENT,http://qudt.org/vocab/unit/PERCENT,MN-DA (Minnesota Department of Agriculture),"Recommended Methods of Manure Analysis, 2nd Edition, Methods M-5.1a, M-5.2",,OFFICIAL,VALID,2024-11-05T12:00:00Z,2026-04-02T12:00:00Z,"Method name harmonized: ""Microwave Digestion Closed Vessel"" → ""Microwave-Assisted Acid Digestion, Closed Vessel""; Reagent abbreviation: ""Nitric acid"" → ""HNO3""",
MANURE,L_MODV2_MANURE_S_004,sulfur,S,"Microwave-Assisted Acid Digestion, Open Vessel","HNO3, HCl, H2O2",Varies,As Received,Varies,ICP-OES,MEASURED,%,prcnt,PERCENT,http://qudt.org/vocab/unit/PERCENT,MN-DA (Minnesota Department of Agriculture),"Recommended Methods of Manure Analysis, 2nd Edition, Methods M-5.1b, M-5.2",,OFFICIAL,SUPERSEDED,2024-11-05T12:00:00Z,2026-04-02T12:00:00Z,"Invalid Duplicate; Method name harmonized: ""Microwave Digestion Open Vessel"" → ""Microwave-Assisted Acid Digestion, Open Vessel""; Reagent abbreviation: ""Nitric acid, hydrochloric acid, peroxide"" → ""HNO3, HCl, H2O2""",
MANURE,L_MODV2_MANURE_S_005,sulfur,S,"Microwave-Assisted Acid Digestion, Open Vessel","HNO3, HCl, H2O2",Varies,As Received,Varies,ICP-OES,MEASURED,%,prcnt,PERCENT,http://qudt.org/vocab/unit/PERCENT,MN-DA (Minnesota Department of Agriculture),"Recommended Methods of Manure Analysis, 2nd Edition, Methods M-5.1b, M-5.2",,OFFICIAL,INVALID,2025-05-21T12:00:00Z,2026-04-02T12:00:00Z,"Method name harmonized: ""Microwave Digestion Open Vessel"" → ""Microwave-Assisted Acid Digestion, Open Vessel""; Reagent abbreviation: ""Nitric acid, hydrochloric acid, peroxide"" → ""HNO3, HCl, H2O2""",
MANURE,L_MODV2_MANURE_ZN_001,zinc,ZN,"Microwave-Assisted Acid Digestion, Open Vessel","HNO3, HCl, H2O2",Varies,As Received,Varies,ICP-OES,MEASURED,mg/kg,mg1kg-1,MilliGM-PER-KiloGM,http://qudt.org/vocab/unit/MilliGM-PER-KiloGM,MN-DA (Minnesota Department of Agriculture),"Recommended Methods of Manure Analysis, 2nd Edition, Methods M-5.1b, M-5.2",,OFFICIAL,SUPERSEDED,2024-11-05T12:00:00Z,2026-04-02T12:00:00Z,"Mass-per-mass/ppm harmonization to percent; was mg/kg; Method name harmonized: ""Microwave Digestion Open Vessel"" → ""Microwave-Assisted Acid Digestion, Open Vessel""; Reagent abbreviation: ""Nitric acid, hydrochloric acid, peroxide"" → ""HNO3, HCl, H2O2""",
MANURE,L_MODV2_MANURE_ZN_002,zinc,ZN,"Microwave-Assisted Acid Digestion, Closed Vessel",HNO3,Varies,As Received,Varies,ICP-OES,MEASURED,mg/kg,mg1kg-1,MilliGM-PER-KiloGM,http://qudt.org/vocab/unit/MilliGM-PER-KiloGM,MN-DA (Minnesota Department of Agriculture),"Recommended Methods of Manure Analysis, 2nd Edition, Methods M-5.1a, M-5.2",,OFFICIAL,SUPERSEDED,2024-11-05T12:00:00Z,2026-04-02T12:00:00Z,"Mass-per-mass/ppm harmonization to percent; was mg/kg; Method name harmonized: ""Microwave Digestion Closed Vessel"" → ""Microwave-Assisted Acid Digestion, Closed Vessel""; Reagent abbreviation: ""Nitric acid"" → ""HNO3""",
MANURE,L_MODV2_MANURE_ZN_003,zinc,ZN,Nitric Acid,HNO3 (concentrated),Varies,As Received,Varies,ICP-OES,MEASURED,mg/kg,mg1kg-1,,,MN-DA (Minnesota Department of Agriculture),"Recommended Methods of Manure Analysis, 2nd Edition, Methods M-5.1b, M-5.2",,OFFICIAL,SUPERSEDED,2025-05-21T12:00:00Z,2026-04-03T12:00:00Z,"Mass-per-mass/ppm harmonization to percent; was mg/kg; Reagent abbreviation: ""Nitric acid, concentrated"" → ""HNO3 (concentrated)"" | 2026-04-03: Final audit fixes applied",
MANURE,L_MODV2_MANURE_ZN_004,zinc,ZN,"Microwave-Assisted Acid Digestion, Open Vessel","HNO3, HCl, H2O2",Varies,As Received,Varies,ICP-OES,MEASURED,%,prcnt,PERCENT,http://qudt.org/vocab/unit/PERCENT,MN-DA (Minnesota Department of Agriculture),"Recommended Methods of Manure Analysis, 2nd Edition, Methods M-5.1b, M-5.2",,OFFICIAL,CANDIDATE,2026-04-02T12:00:00Z,2026-04-02T12:00:00Z,"Mass-per-mass/ppm harmonization to percent; was mg/kg; Method name harmonized: ""Microwave Digestion Open Vessel"" → ""Microwave-Assisted Acid Digestion, Open Vessel""; Reagent abbreviation: ""Nitric acid, hydrochloric acid, peroxide"" → ""HNO3, HCl, H2O2""",
MANURE,L_MODV2_MANURE_ZN_005,zinc,ZN,"Microwave-Assisted Acid Digestion, Closed Vessel",HNO3,Varies,As Received,Varies,ICP-OES,MEASURED,%,prcnt,PERCENT,http://qudt.org/vocab/unit/PERCENT,MN-DA (Minnesota Department of Agriculture),"Recommended Methods of Manure Analysis, 2nd Edition, Methods M-5.1a, M-5.2",,OFFICIAL,CANDIDATE,2026-04-02T12:00:00Z,2026-04-02T12:00:00Z,"Mass-per-mass/ppm harmonization to percent; was mg/kg; Method name harmonized: ""Microwave Digestion Closed Vessel"" → ""Microwave-Assisted Acid Digestion, Closed Vessel""; Reagent abbreviation: ""Nitric acid"" → ""HNO3""",
MANURE,L_MODV2_MANURE_ZN_006,zinc,ZN,Nitric Acid,HNO3 (concentrated),Varies,As Received,Varies,ICP-OES,MEASURED,%,prcnt,PERCENT,http://qudt.org/vocab/unit/PERCENT,MN-DA (Minnesota Department of Agriculture),"Recommended Methods of Manure Analysis, 2nd Edition, Methods M-5.1b, M-5.2",,OFFICIAL,CANDIDATE,2026-04-02T12:00:00Z,2026-04-02T12:00:00Z,"Mass-per-mass/ppm harmonization to percent; was mg/kg; Reagent abbreviation: ""Nitric acid, concentrated"" → ""HNO3 (concentrated)""",
